actor,Movie_or_TV_name
Richard Harris,The Pearl
Richard Harris,Caesar
Richard Harris,Kaena: The Prophecy
Richard Harris,Harry Potter and the Chamber of Secrets
Richard Harris,The Count of Monte Cristo
Richard Harris,Harry Potter and the Sorcerer's Stone
Richard Harris,My Kingdom
Richard Harris,The Apocalypse
Richard Harris,Gladiator
Richard Harris,Grizzly Falls
Richard Harris,To Walk with Lions
Richard Harris,The Barber of Siberia
Richard Harris,This Is the Sea
Richard Harris,The Hunchback of Notre Dame
Richard Harris,Smilla's Sense of Snow
Richard Harris,Trojan Eddie
Richard Harris,Divine Rapture
Richard Harris,The Great Kandinsky
Richard Harris,"Cry, the Beloved Country"
Richard Harris,Savage Hearts
Richard Harris,Wrestling Ernest Hemingway
Richard Harris,Die Bibel - Abraham
Richard Harris,Silent Tongue
Richard Harris,Unforgiven
Richard Harris,Patriot Games
Richard Harris,The Field
Richard Harris,King of the Wind
Richard Harris,Mack the Knife
Richard Harris,Strike Commando 2
Richard Harris,Maigret
Richard Harris,Martin's Day
Richard Harris,Triumphs of a Man Called Horse
Richard Harris,Camelot
Richard Harris,Highpoint
Richard Harris,Lust auf Sex
Richard Harris,Tarzan the Ape Man
Richard Harris,The Last Word
Richard Harris,Game for Vultures
Richard Harris,Ravagers
Richard Harris,The Wild Geese
Richard Harris,Golden Rendezvous
Richard Harris,Orca
Richard Harris,Gulliver's Travels
Richard Harris,The Cassandra Crossing
Richard Harris,The Return of a Man Called Horse
Richard Harris,Robin and Marian
Richard Harris,Echoes of a Summer
Richard Harris,Juggernaut
Richard Harris,99 and 44/100% Dead!
Richard Harris,The Deadly Trackers
Richard Harris,Man in the Wilderness
Richard Harris,The Snow Goose
Richard Harris,The Hero
Richard Harris,Cromwell
Richard Harris,A Man Called Horse
Richard Harris,The Molly Maguires
Richard Harris,Caprice
Richard Harris,Camelot
Richard Harris,Hawaii
Richard Harris,The Bible: In the Beginning...
Richard Harris,The Heroes of Telemark
Richard Harris,Major Dundee
Richard Harris,Die drei Gesichter einer Frau
Richard Harris,Red Desert
Richard Harris,This Sporting Life
Richard Harris,Mutiny on the Bounty
Richard Harris,The Guns of Navarone
Richard Harris,Jungle Fighters
Richard Harris,The Night Fighters
Richard Harris,Armchair Theatre
Richard Harris,The Wreck of the Mary Deare
Richard Harris,Shake Hands with the Devil
Richard Harris,Alive and Kicking
Richard Harris,The DuPont Show of the Month
Richard Harris,ITV Television Playhouse
Richard Harris,ITV Play of the Week
Sean Biggerstaff,Hector & Himself
Sean Biggerstaff,Hippie Hippie Shake
Sean Biggerstaff,Action
Sean Biggerstaff,Sockdown
Sean Biggerstaff,Urban Myths
Sean Biggerstaff,Super November
Sean Biggerstaff,The Exit
Sean Biggerstaff,Whisky Galore
Sean Biggerstaff,Enora
Sean Biggerstaff,Boldly Gone
Sean Biggerstaff,In Extremis
Sean Biggerstaff,Mary Queen of Scots
Sean Biggerstaff,Harry Potter and the Deathly Hallows: Part 2
Sean Biggerstaff,Voices
Sean Biggerstaff,Garrow's Law
Sean Biggerstaff,The Lost Book
Sean Biggerstaff,X on a Map
Sean Biggerstaff,Marple
Sean Biggerstaff,Consenting Adults
Sean Biggerstaff,Cashback
Sean Biggerstaff,CHEM087
Sean Biggerstaff,Selected Shorts #2: European Award Winners
Sean Biggerstaff,Cashback
Sean Biggerstaff,The Last King
Sean Biggerstaff,Doctor Who: Shada
Sean Biggerstaff,Harry Potter and the Chamber of Secrets
Sean Biggerstaff,Harry Potter and the Sorcerer's Stone
Sean Biggerstaff,The Winter Guest
Sean Biggerstaff,The Crow Road
Luke Youngblood,Baby Shark's Big Show!
Luke Youngblood,"Do, Re & Mi"
Luke Youngblood,Fast & Furious Spy Racers
Luke Youngblood,The Witcher: Nightmare of the Wolf
Luke Youngblood,Medal of Honor: Above and Beyond
Luke Youngblood,Glitch Techs
Luke Youngblood,In Hollywoodland
Luke Youngblood,Useless Humans
Luke Youngblood,Grounded
Luke Youngblood,Exos Heroes
Luke Youngblood,The Loud House
Luke Youngblood,An Orgy in Joshua Tree
Luke Youngblood,Playing Dead
Luke Youngblood,White Famous
Luke Youngblood,Queen of the South
Luke Youngblood,Dr. Ken
Luke Youngblood,Superior Donuts
Luke Youngblood,Galavant
Luke Youngblood,Community
Luke Youngblood,Community: Webisodes
Luke Youngblood,CollegeHumor Originals
Luke Youngblood,Lie to Me
Luke Youngblood,Glee
Luke Youngblood,The Whole Truth
Luke Youngblood,Scooby-Doo! Curse of the Lake Monster
Luke Youngblood,Harry Potter and the Order of the Phoenix
Luke Youngblood,The Story of Tracy Beaker
Luke Youngblood,Harry Potter and the Chamber of Secrets
Luke Youngblood,Harry Potter and the Sorcerer's Stone
Luke Youngblood,Time Gentlemen Please
Luke Youngblood,The IMAX Nutcracker
Alan Rickman,Alice Through the Looking Glass
Alan Rickman,Eye in the Sky
Alan Rickman,Texas: Start A Family
Alan Rickman,A Little Chaos
Alan Rickman,Dust
Alan Rickman,CBGB
Alan Rickman,A Promise
Alan Rickman,Lee Daniels' The Butler
Alan Rickman,Gambit
Alan Rickman,The Boy in the Bubble
Alan Rickman,Harry Potter and the Deathly Hallows: Part 2
Alan Rickman,Portraits in Dramatic Time
Alan Rickman,Harry Potter and the Deathly Hallows: Part 1
Alan Rickman,The Song of Lunch
Alan Rickman,Alice in Wonderland
Alan Rickman,Arena
Alan Rickman,The Wildest Dream
Alan Rickman,Sonnet Number 12
Alan Rickman,Harry Potter and the Half-Blood Prince
Alan Rickman,Bottle Shock
Alan Rickman,Sweeney Todd: The Demon Barber of Fleet Street
Alan Rickman,Harry Potter and the Order of the Phoenix
Alan Rickman,Nobel Son
Alan Rickman,Perfume: The Story of a Murderer
Alan Rickman,Snow Cake
Alan Rickman,Harry Potter and the Goblet of Fire
Alan Rickman,The Hitchhiker's Guide to the Galaxy
Alan Rickman,Something the Lord Made
Alan Rickman,Harry Potter and the Prisoner of Azkaban
Alan Rickman,Love Actually
Alan Rickman,Harry Potter and the Chamber of Secrets
Alan Rickman,King of the Hill
Alan Rickman,The Search for John Gissing
Alan Rickman,Harry Potter and the Sorcerer's Stone
Alan Rickman,Play
Alan Rickman,We Know Where You Live. Live!
Terence Bayler,We Know What We Know
Alan Rickman,Blow Dry
Alan Rickman,Texas: In Demand
Alan Rickman,Victoria Wood: With All the Trimmings
Alan Rickman,A Fish Tale
Alan Rickman,Galaxy Quest
Alan Rickman,Dogma
Alan Rickman,Dark Harbor
Alan Rickman,Judas Kiss
Alan Rickman,The Space Bar
Alan Rickman,The Winter Guest
Alan Rickman,Michael Collins
Alan Rickman,Rasputin
Alan Rickman,Lumière and Company
Alan Rickman,Sense and Sensibility
Alan Rickman,An Awfully Big Adventure
Alan Rickman,Mesmer
Alan Rickman,Fallen Angels
Alan Rickman,Bob Roberts
Alan Rickman,Close My Eyes
Alan Rickman,Robin Hood: Prince of Thieves
Alan Rickman,Closet Land
Alan Rickman,Truly Madly Deeply
Alan Rickman,Quigley Down Under
Alan Rickman,Revolutionary Witness: The Preacher
David Bradley,Chicken Run: Dawn of the Nugget
Terence Bayler,Father's Day
Terence Bayler,Chemical Wedding
Terence Bayler,Life Begins
Terence Bayler,The Courtroom
Terence Bayler,Harry Potter and the Sorcerer's Stone
Terence Bayler,Bodyguards
Terence Bayler,Strange But True?
Terence Bayler,Dangerfield
Terence Bayler,The Remains of the Day
Terence Bayler,Lipstick on Your Collar
Terence Bayler,Eye of the Storm
Terence Bayler,The Bill
Terence Bayler,The Other Side of Paradise
Terence Bayler,Ashenden
Terence Bayler,She-Wolf of London
Terence Bayler,Omnibus
Terence Bayler,London's Burning
Terence Bayler,Me and My Girl
Terence Bayler,Pulaski: The TV Detective
Terence Bayler,Ffizz
Alan Rickman,Screenplay
Alan Rickman,Theatre Night
Alan Rickman,The January Man
Alan Rickman,Die Hard
Alan Rickman,Girls on Top
Alan Rickman,Summer Season
Alan Rickman,Wetherby
Alan Rickman,Busted
Alan Rickman,The Barchester Chronicles
Alan Rickman,Smiley's People
Alan Rickman,Shelley
Alan Rickman,Thérèse Raquin
Alan Rickman,The BBC Television Shakespeare
David Bradley,Allelujah
David Bradley,Pinocchio
David Bradley,The Responder
David Bradley,After Life
David Bradley,Emily the Little Match Girl
David Bradley,Britannia
David Bradley,Jolt
David Bradley,Adventure Time: Distant Lands
David Bradley,Roy
David Bradley,Trollhunters: Defenders of Arcadia
David Bradley,Mandy
David Bradley,Wizards
David Bradley,Doctors Assemble
David Bradley,Gangs of London
David Bradley,Jack Savoretti: Youth and Love
David Bradley,Les Misérables
David Bradley,Hang Ups
David Bradley,Await Further Instructions
David Bradley,Trollhunters: Tales of Arcadia
David Bradley,Harry Potter: Hogwarts Mystery
David Bradley,Edmund the Magnificent
Terence Bayler,Crystalstone
Terence Bayler,All at Number 20
Terence Bayler,Artists and Models
Terence Bayler,Summer Season
Terence Bayler,Brazil
Terence Bayler,This Office Life
Terence Bayler,Murder Not Proven?
Terence Bayler,Horizon
Terence Bayler,Pictures
Terence Bayler,Time Bandits
Terence Bayler,The Squad
Terence Bayler,Play for Today
Terence Bayler,Life of Brian
Terence Bayler,The Light Princess
David Bradley,Doctor Who
David Bradley,The Strain
David Bradley,The Lodgers
David Bradley,Game of Thrones
David Bradley,Medici
David Bradley,Broadcast Signal Intrusion
David Bradley,The Young Messiah
David Bradley,Beowulf: Return to the Shieldlands
David Bradley,Mount Pleasant
David Bradley,Silk
David Bradley,An Adventure in Space and Time
David Bradley,The World's End
David Bradley,Prisoners Wives
David Bradley,Broadchurch
David Bradley,Bad Sugar
David Bradley,World Without End
David Bradley,Bad Education
David Bradley,The Hollow Crown
David Bradley,Benidorm
David Bradley,Eternal Law
David Bradley,The Holding
David Bradley,Captain America: The First Avenger
Terence Bayler,BBC2 Play of the Week
Terence Bayler,A Soft Touch
Terence Bayler,Law & Order
Terence Bayler,The Rutles: All You Need Is Cash
Terence Bayler,In the Looking Glass
Terence Bayler,The Hunchback of Notre Dame
David Bradley,Harry Potter and the Deathly Hallows: Part 2
David Bradley,Lucy and the Attack of the Malevolon
David Bradley,Waking the Dead
David Bradley,The Sarah Jane Adventures
David Bradley,New Tricks
David Bradley,Another Year
David Bradley,Five Daughters
David Bradley,Arena
David Bradley,Harry Brown
David Bradley,The Street
David Bradley,Harry Potter and the Half-Blood Prince
David Bradley,Ashes to Ashes
David Bradley,The Tudors
David Bradley,I Know You Know
David Bradley,The Daisy Chain
David Bradley,Ideal
Terence Bayler,The Snow Queen
Terence Bayler,Rutland Weekend Television
Terence Bayler,Centre Play
Terence Bayler,"Upstairs, Downstairs"
Terence Bayler,The Venturers
Terence Bayler,Dr. Watson and the Darkwater Hall Mystery
Terence Bayler,Special Branch
Terence Bayler,The Brothers
Terence Bayler,A Picture of Katherine Mansfield
Terence Bayler,Justice
Terence Bayler,The Regiment
Terence Bayler,Stage 2
Terence Bayler,The Rivals of Sherlock Holmes
Terence Bayler,Macbeth
Terence Bayler,Vile Bodies
Terence Bayler,As Good Cooks Go
Terence Bayler,Ivanhoe
Simon Fisher-Becker,The Great Director
David Bradley,The Invisibles
David Bradley,The Color of Magic
David Bradley,True Dare Kiss
David Bradley,Harry Potter and the Order of the Phoenix
David Bradley,Hot Fuzz
David Bradley,Thieves Like Us
David Bradley,Lycanthropy
David Bradley,Taggart
David Bradley,Sweeney Todd
David Bradley,Harry Potter and the Goblet of Fire
David Bradley,Red Mercury
David Bradley,Mr. Harvey Lights a Candle
David Bradley,Blackpool
Terence Bayler,W. Somerset Maugham
Terence Bayler,Mogul
Terence Bayler,The Very Merry Widow and How
Terence Bayler,Doctor Who
Terence Bayler,Mystery and Imagination
Terence Bayler,ITV Play of the Week
Terence Bayler,The Hi-Jackers
Terence Bayler,Maigret
Terence Bayler,Compact
Terence Bayler,Moonstrike
Terence Bayler,ITV Television Playhouse
Terence Bayler,BBC Sunday-Night Play
Terence Bayler,Hamlet
Terence Bayler,You Can't Win
Terence Bayler,Royal Foundation
Terence Bayler,Probation Officer
Terence Bayler,BBC Sunday-Night Theatre
Simon Fisher-Becker,Humber City: The Rising Tide
Simon Fisher-Becker,Sherlock Holmes
Simon Fisher-Becker,Reduced to Clear
Simon Fisher-Becker,Lionel in Lockdown
Simon Fisher-Becker,Last Fish Finger in the World
Simon Fisher-Becker,When It Rains
Simon Fisher-Becker,Doctor Who Fan Series 1
Simon Fisher-Becker,A Perfect 10
Simon Fisher-Becker,Doctors
Simon Fisher-Becker,Doctor Who: Solo
Simon Fisher-Becker,The Detective
Simon Fisher-Becker,Waterside
Simon Fisher-Becker,Coveted Desires
David Bradley,Exorcist: The Beginning
David Bradley,Harry Potter and the Prisoner of Azkaban
David Bradley,Wild West
Terence Bayler,Spy-Catcher
Terence Bayler,Pursuit of the Graf Spee
Terence Bayler,Alice's Adventures in Wonderland
Terence Bayler,The Whiteoak Chronicles: The Building of Jalna
Terence Bayler,Broken Barrier
Simon Fisher-Becker,Indie Film
Simon Fisher-Becker,Carnage
Simon Fisher-Becker,Tale of a Timelord
Simon Fisher-Becker,Pundemic
Simon Fisher-Becker,Puppy Love
Simon Fisher-Becker,Doctor Who Online Adventures
Simon Fisher-Becker,Vicious
Simon Fisher-Becker,The Zombie Glitch
Simon Fisher-Becker,3some
Simon Fisher-Becker,Les Misérables
Simon Fisher-Becker,Rise of the Euphonious Angel
Simon Fisher-Becker,Getting On
Simon Fisher-Becker,Doctor Who
Simon Fisher-Becker,The Tale of the Three Spaptors
Simon Fisher-Becker,Afterlife
Simon Fisher-Becker,Love Soup
Simon Fisher-Becker,Harry Potter and the Sorcerer's Stone
Simon Fisher-Becker,Sweet Thing
David Bradley,Murphy's Law
David Bradley,Blue Dove
David Bradley,The Last King
David Bradley,Midsomer Murders
David Bradley,The Mayor of Casterbridge
David Bradley,Pas de Trois
David Bradley,Nicholas Nickleby
David Bradley,Harry Potter and the Chamber of Secrets
David Bradley,The Intended
David Bradley,Crossings
David Bradley,This Is Not a Love Song
David Bradley,Sweet Dreams
David Bradley,The Way We Live Now
David Bradley,Harry Potter and the Sorcerer's Stone
David Bradley,Murphy's Law
David Bradley,Station Jim
David Bradley,Shades
David Bradley,Gabriel & Me
Simon Fisher-Becker,Crimewatch File
Simon Fisher-Becker,Beg!
Simon Fisher-Becker,99-1
Simon Fisher-Becker,One Foot in the Grave
Simon Fisher-Becker,Hale and Pace
Simon Fisher-Becker,An Ungentlemanly Act
Simon Fisher-Becker,Arrivederci Millwall
David Bradley,Blow Dry
David Bradley,Black Cab
David Bradley,The King Is Alive
David Bradley,The Wilsons
David Bradley,Doomwatch: Winter Angel
David Bradley,Tom's Midnight Garden
David Bradley,The Canterbury Tales
David Bradley,Vanity Fair
David Bradley,Reckless: The Sequel
David Bradley,Where the Heart Is
David Bradley,Our Mutual Friend
David Bradley,Left Luggage
David Bradley,Seeing Things
David Bradley,The Moth
David Bradley,Bramwell
David Bradley,Reckless
David Bradley,Kiss and Tell
David Bradley,Cracker
David Bradley,In Your Dreams
David Bradley,Wycliffe
David Bradley,Our Friends in the North
David Bradley,Band of Gold
David Bradley,A Touch of Frost
David Bradley,Casualty
David Bradley,The Vet
David Bradley,Martin Chuzzlewit
David Bradley,Performance
Leslie Phillips,Darkheart Manor
David Bradley,Screen Two
David Bradley,The Buddha of Suburbia
David Bradley,Full Stretch
David Bradley,Between the Lines
David Bradley,Screenplay
David Bradley,The Play on One
David Bradley,Shadow of the Noose
David Bradley,Prick Up Your Ears
David Bradley,King of the Ghetto
David Bradley,Theatre Night
David Bradley,One by One
David Bradley,"Tartuffe, or the Impostor"
David Bradley,Frost in May
David Bradley,BBC2 Playhouse
David Bradley,Play for Today
David Bradley,Coronation Street
David Bradley,The Frisco Kid
David Bradley,The Professionals
David Bradley,Bill Brand
David Bradley,Thirty-Minute Theatre
David Bradley,ITV Sunday Night Theatre
David Bradley,A Family at War
Leslie Phillips,After Death
Leslie Phillips,Harry Potter and the Deathly Hallows: Part 2
Leslie Phillips,Late Bloomers
Leslie Phillips,Things Talk
Leslie Phillips,Is Anybody There?
Leslie Phillips,Harley Street
Leslie Phillips,The Last Detective
Leslie Phillips,Walking with Shadows
David Bradley,Nearest and Dearest
Leslie Phillips,The Catherine Tate Show
Leslie Phillips,Venus
Leslie Phillips,Marple
Leslie Phillips,Heartbeat
Leslie Phillips,Color Me Kubrick
Leslie Phillips,Churchill: The Hollywood Years
Leslie Phillips,Millions
Leslie Phillips,Revolver
Leslie Phillips,Collusion
Leslie Phillips,Where the Heart Is
Leslie Phillips,Ghosts of Albion: Legacy
Leslie Phillips,Midsomer Murders
Leslie Phillips,Arthurs Amazing Things
Leslie Phillips,Holby City
Leslie Phillips,Harry Potter and the Chamber of Secrets
Leslie Phillips,Monarch of the Glen
Leslie Phillips,Thunderpants
Leslie Phillips,Outside the Rules
Leslie Phillips,Harry Potter and the Sorcerer's Stone
Leslie Phillips,Lara Croft: Tomb Raider
Leslie Phillips,Sword of Honour
Leslie Phillips,Aladdin
Leslie Phillips,Take a Girl Like You
Leslie Phillips,Saving Grace
Leslie Phillips,Cinderella
Leslie Phillips,Dalziel and Pascoe
Leslie Phillips,Days Like These
Leslie Phillips,Liverpool 1
Leslie Phillips,The Orgasm Raygun
Leslie Phillips,Gex: Enter the Gecko
Leslie Phillips,The Jackal
Leslie Phillips,The Pale Horse
Leslie Phillips,Caught in the Act
Leslie Phillips,Dennis the Menace
Leslie Phillips,Tales from the Crypt
Leslie Phillips,The Bill
Leslie Phillips,Der Blinde
Leslie Phillips,Das Karussell des Todes
Leslie Phillips,August
Leslie Phillips,Die Katze von Kensington
Leslie Phillips,The Canterville Ghost
Leslie Phillips,Woof!
Leslie Phillips,Ruth Rendell Mysteries
Leslie Phillips,Screen One
Leslie Phillips,Love on a Branch Line
Leslie Phillips,The House of Windsor
Leslie Phillips,Honey for Tea
Leslie Phillips,Bermuda Grace
Leslie Phillips,Performance
Leslie Phillips,Lovejoy
Leslie Phillips,Boon
Leslie Phillips,Carry on Columbus
Leslie Phillips,Thacker
Leslie Phillips,Chancer
Leslie Phillips,King Ralph
Leslie Phillips,Life After Life
Leslie Phillips,Who Bombed Birmingham?
Leslie Phillips,The Comic Strip Presents
Leslie Phillips,Mountains of the Moon
Leslie Phillips,Summer's Lease
Leslie Phillips,Scandal
Leslie Phillips,Rumpole of the Bailey
Leslie Phillips,Empire of the Sun
Leslie Phillips,Super Gran
Leslie Phillips,Monte Carlo
Leslie Phillips,You'll Never See Me Again
Leslie Phillips,Out of Africa
Leslie Phillips,Mr. Palfrey of Westminster
Leslie Phillips,Live from Pebble Mill
Leslie Phillips,"The Lion, the Witch & the Wardrobe"
Leslie Phillips,"Not Now, Comrade"
Leslie Phillips,Spanish Fly
Leslie Phillips,"Don't Just Lie There, Say Something!"
Leslie Phillips,Casanova '73
Leslie Phillips,Not Now Darling
Leslie Phillips,"Father, Dear Father"
Leslie Phillips,The Magnificent Seven Deadly Sins
Leslie Phillips,Doctor in Trouble
Leslie Phillips,The Culture Vultures
Leslie Phillips,"Some Will, Some Won't"
Leslie Phillips,Galton and Simpson Comedy
Leslie Phillips,Theatre Date
Leslie Phillips,Armchair Theatre
Leslie Phillips,Blandings Castle
Leslie Phillips,Maroc 7
Leslie Phillips,Foreign Affairs
Leslie Phillips,"Carnaby, M.D."
Leslie Phillips,ITV Play of the Week
Leslie Phillips,You Must Be Joking!
Leslie Phillips,Comedy Playhouse
Leslie Phillips,Father Came Too!
Leslie Phillips,Our Man at St. Mark's
Leslie Phillips,The Fast Lady
Leslie Phillips,The Longest Day
Leslie Phillips,Crooks Anonymous
Leslie Phillips,In the Doghouse
Leslie Phillips,Roommates
Leslie Phillips,A Coming-Out Party
Leslie Phillips,A Weekend with Lulu
Leslie Phillips,Beware of Children
Leslie Phillips,Watch Your Stern
Leslie Phillips,The Adventures of Robin Hood
Leslie Phillips,Doctor in Love
Leslie Phillips,Inn for Trouble
Leslie Phillips,Carry on Constable
Leslie Phillips,Please Turn Over
Leslie Phillips,The Navy Lark
Leslie Phillips,Ferdinando I° re di Napoli
Leslie Phillips,Make Mine a Double
Leslie Phillips,This Other Eden
Leslie Phillips,Carry on Teacher
Leslie Phillips,Carry on Nurse
Leslie Phillips,The Angry Hills
Leslie Phillips,The Vise
Leslie Phillips,The Man Who Liked Funerals
Leslie Phillips,Two's Company
Leslie Phillips,The Invisible Man
Leslie Phillips,"Hell, Heaven or Hoboken"
Leslie Phillips,Saturday Playhouse
Leslie Phillips,The World Our Stage
Leslie Phillips,O.S.S.
Leslie Phillips,Just My Luck
Leslie Phillips,Les Girls
Leslie Phillips,High Flight
Leslie Phillips,Hour of Mystery
Leslie Phillips,Big Time Operators
Leslie Phillips,Brothers in Law
Leslie Phillips,Wire Service
Leslie Phillips,The Barretts of Wimpole Street
Leslie Phillips,The Big Money
Leslie Phillips,Beauty and the Beast
Leslie Phillips,The Errol Flynn Theatre
Leslie Phillips,Adventure Theater
Leslie Phillips,Tracey and Me
Leslie Phillips,ITV Television Playhouse
Leslie Phillips,BBC Sunday-Night Theatre
Leslie Phillips,The Gamma People
Leslie Phillips,Value for Money
Leslie Phillips,As Long as They're Happy
Leslie Phillips,You Know What Sailors Are
Leslie Phillips,The Limping Man
Leslie Phillips,The Fake
Leslie Phillips,"For Better, for Worse"
Leslie Phillips,Terror on a Train
Leslie Phillips,My Wife Jacqueline
Leslie Phillips,The Sound Barrier
Leslie Phillips,The Poppenkast
Leslie Phillips,The Galloping Major
Leslie Phillips,Pool of London
Leslie Phillips,Her Panelled Door
Leslie Phillips,Train of Events
Leslie Phillips,The Red Shoes
Leslie Phillips,Morning Departure
Leslie Phillips,Anna Karenina
Leslie Phillips,The Magic Bow
Leslie Phillips,Rhythm Serenade
Leslie Phillips,The Thief of Bagdad
Leslie Phillips,The Proud Valley
Leslie Phillips,The Four Feathers
Leslie Phillips,The Mikado
Leslie Phillips,Climbing High
Leslie Phillips,The Citadel
Leslie Phillips,Lassie from Lancashire
John Cleese,I am Khama!
John Cleese,How to Make Her Cheat
John Cleese,One Night in Bath
John Cleese,Wedding of the Year
John Cleese,Cut the Painter
John Cleese,The Martini Shot
John Cleese,Clifford the Big Red Dog
John Cleese,Father Christmas Is Back
John Cleese,The Very Excellent Mr. Dundee
John Cleese,Arctic Dogs
John Cleese,Hold the Sunset
John Cleese,Crazy About You
John Cleese,Elliot the Littlest Reindeer
John Cleese,Speechless
John Cleese,Charming
John Cleese,Raid: World War II
John Cleese,The Elder Scrolls Online: Morrowind
John Cleese,Trolls
John Cleese,Albion: The Enchanted Stallion
John Cleese,Kylie Minogue: Absolutely Anything and Anything at All
John Cleese,A.C.O.R.N.S.: Operation Crackdown
John Cleese,Absolutely Anything
John Cleese,Spud 3: Learning to Fly
John Cleese,Over the Garden Wall
John Cleese,Mini Adventures of Winnie the Pooh
John Cleese,Monty Python Live (Mostly)
John Cleese,The Elder Scrolls Online
John Cleese,Planes
John Cleese,Spud 2: The Madness Continues
John Cleese,Whitney
John Cleese,"Meetings, Bloody Meetings"
John Cleese,Smart As
John Cleese,A Liar's Autobiography: The Untrue Story of Monty Python's Graham Chapman
John Cleese,God Loves Caviar
John Cleese,The Big Year
John Cleese,Beethoven's Christmas Adventure
John Cleese,Winnie the Pooh
John Cleese,Change for the Oceans
John Cleese,Spud
John Cleese,Fable III
John Cleese,Entourage
John Cleese,Shrek Forever After
John Cleese,Planet 51
John Cleese,The Pink Panther 2
John Cleese,The Day the Earth Stood Still
John Cleese,Igor
John Cleese,Shrek the Third
John Cleese,Shrek the Third
John Cleese,Charlotte's Web
John Cleese,Stranger Than Fiction
John Cleese,L'entente cordiale
John Cleese,Man About Town
John Cleese,Complete Guide to Guys
John Cleese,Jade Empire
John Cleese,Mickey's Around the World in 80 Days
John Cleese,Valiant
John Cleese,Performance Matters: The Importance of Praise
John Cleese,Time Troopers
John Cleese,Around the World in 80 Days
John Cleese,Shrek 2
John Cleese,Will & Grace
John Cleese,James Bond 007: Everything or Nothing
John Cleese,Education Tips No. 41: Choosing a Really Expensive School
John Cleese,George of the Jungle 2
John Cleese,Charlie's Angels: Full Throttle
John Cleese,Scorched
John Cleese,My Adventures in Television
John Cleese,House of Mouse
John Cleese,Die Another Day
John Cleese,Harry Potter and the Chamber of Secrets
John Cleese,Heineken 'Die Another Day' Television Commercial
John Cleese,Pinocchio
John Cleese,The Adventures of Pluto Nash
John Cleese,Taking the Wheel
John Cleese,007: Agent Under Fire Television Commercial
John Cleese,H.M.O.
John Cleese,Mickey's House of Villains
John Cleese,Mickey's Magical Christmas: Snowed in at the House of Mouse
John Cleese,Harry Potter and the Sorcerer's Stone
John Cleese,Rat Race
John Cleese,3rd Rock from the Sun
John Cleese,Rockstar
John Cleese,The Magic Pudding
John Cleese,007 Racing
John Cleese,The World Is Not Enough
John Cleese,Quantum Project
John Cleese,Isn't She Great
John Cleese,The World Is Not Enough
John Cleese,Python Night: 30 Years of Monty Python
John Cleese,Casper & Mandrilaftalen
John Cleese,The Out-of-Towners
John Cleese,Parting Shots
John Cleese,Starship Titanic
John Cleese,Kiss Me Kate
John Cleese,The Meaning of Life
John Cleese,George of the Jungle
John Cleese,Fierce Creatures
John Cleese,Monty Python & the Quest for the Holy Grail
John Cleese,"The Unorganized Manager, Part One: Damnation"
John Cleese,Mr. Toad's Wild Ride
John Cleese,Look at the State We're in!
John Cleese,The Jungle Book
John Cleese,Mary Shelley's Frankenstein
John Cleese,The Swan Princess
John Cleese,Meetings Bloody Meetings
John Cleese,Last of the Summer Wine
John Cleese,Splitting Heirs
John Cleese,It's Your Choice: Selection Skills for Managers
John Cleese,An American Tail: Fievel Goes West
John Cleese,"Um Passo, Outro Passo e Depois..."
John Cleese,Grime Goes Green: Your Business and the Environment
John Cleese,Bullseye!
John Cleese,Schweppes James Bond Style Television Commercial
John Cleese,Erik the Viking
John Cleese,The Big Picture
John Cleese,Managing Problem People. Behavioral Skills for Leaders
John Cleese,A Fish Called Wanda
John Cleese,Baby Quark
John Cleese,Dragonslayer Quark
John Cleese,Quark und der Straßenräuber
John Cleese,Cheers
John Cleese,Clockwise
John Cleese,Silverado
John Cleese,Budgeting
John Cleese,So You Want to Be a Success at Selling?
John Cleese,Yellowbeard
John Cleese,The Meaning of Life
John Cleese,Privates on Parade
John Cleese,Monty Python Live at the Hollywood Bowl
John Cleese,Whoops Apocalypse
John Cleese,Time Bandits
John Cleese,The Great Muppet Caper
John Cleese,Giroblauw met John Cleese
John Cleese,"Cost, Profit, and Break-Even"
John Cleese,Depreciation and Inflation
John Cleese,The Queen Special
John Cleese,The Tom Machine
John Cleese,The Taming of the Shrew
John Cleese,I'd Like a Word with You
John Cleese,Not the Nine O'Clock News
John Cleese,"To Norway, Home of Giants"
John Cleese,Good King Memorex
John Cleese,Fawlty Towers
John Cleese,Doctor Who
John Cleese,Ripping Yarns
John Cleese,Life of Brian
John Cleese,The Control of Working Capital
John Cleese,The Balance Sheet Barrier
John Cleese,The Fortune Teller
John Cleese,The Strange Case of the End of Civilization as We Know It
John Cleese,Three Piece Suite
John Cleese,"Meetings, Bloody Meetings"
John Cleese,Pleasure at Her Majesty's
John Cleese,"Decisions, Decisions"
John Cleese,"Who Sold You This, Then?"
John Cleese,Romance with a Double Bass
John Cleese,Monty Python and the Holy Grail
John Cleese,Golf Etiquette
John Cleese,Is This a Record?
John Cleese,The Goodies
John Cleese,The Love Ban
John Cleese,Comedy Playhouse
John Cleese,Monty Python's Flying Circus
John Cleese,Monty Python's Fliegender Zirkus
John Cleese,Who's There?
John Cleese,And Now for Something Completely Different
John Cleese,Misleading Cases
John Cleese,The Statue
John Cleese,The Rise and Rise of Michael Rimmer
John Cleese,A Christmas Night with the Stars
John Cleese,The Magic Christian
John Cleese,The Best House in London
John Cleese,The Bliss of Mrs. Blossom
John Cleese,Interlude
John Cleese,The Avengers
John Cleese,The Frost Report
John Cleese,At Last the 1948 Show
Jimmy Vee,Lyra's Wish: Saving Santa
Jimmy Vee,The Naughty Boys
Jimmy Vee,Bite
Jimmy Vee,Rocketman
Jimmy Vee,Train Set
Jimmy Vee,Star Wars: Episode VIII - The Last Jedi
Jimmy Vee,Trust Me
Jimmy Vee,Pan
Jimmy Vee,Doctor Who
Jimmy Vee,Harry Potter and the Escape from Gringotts
Jimmy Vee,The Hogwarts Express
Jimmy Vee,The Sarah Jane Adventures
Jimmy Vee,Harry Potter and the Forbidden Journey
Jimmy Vee,Kilt Man
Jimmy Vee,The Sarah Jane Adventures: Comic Relief Special
Jimmy Vee,Doctor Who at the Proms
Jimmy Vee,Doctor Who: Music of the Spheres
Jimmy Vee,Skins: Secret Party
Jimmy Vee,Doctor Who: Attack of the Graske
Jimmy Vee,Weirdsister College
Jimmy Vee,Harry Potter and the Sorcerer's Stone
Brian Wheeler,De Biker Boys
Brian Wheeler,Ways of Seeing
Brian Wheeler,Wacky Races
Brian Wheeler,Life's Too Short
Brian Wheeler,Harry Potter and the Deathly Hallows: Part 2
Brian Wheeler,Stag Night of the Dead
Brian Wheeler,Dangerous Parking
Brian Wheeler,Harry Potter and the Goblet of Fire
Brian Wheeler,The Phantom of the Opera
Brian Wheeler,Harry Potter and the Sorcerer's Stone
Brian Wheeler,Hard Men
Brian Wheeler,The NeverEnding Story
Brian Wheeler,Star Wars: Episode VI - Return of the Jedi
Gary Wronecki,Adventures of the Crystal Skull
Gary Wronecki,Skullz
Gary Wronecki,Falling in Love
Gary Wronecki,Riot
Gary Wronecki,The Inevitable
Gary Wronecki,Pull Out the Stopper
Gary Wronecki,Run Though the Forest Run
Gary Wronecki,London Hood
Gary Wronecki,The Wolds
Gary Wronecki,Dead of the Nite
Gary Wronecki,The Fall of the Essex Boys
Gary Wronecki,The Ice Cream Wars
Gary Wronecki,The Fear
Gary Wronecki,Jab Tak Hai Jaan
Gary Wronecki,Offender
Gary Wronecki,Thunderpants
Gary Wronecki,Harry Potter and the Sorcerer's Stone
Gary Wronecki,The Sight
Darren Tough,Taxi Joe: Fire
Darren Tough,Lee Nelson's Well Funny People
Darren Tough,The Look of Love
Darren Tough,Twisted Love
Darren Tough,Harry Potter and the Sorcerer's Stone
Gerald Staddon,The League of Gentlemen
Gerald Staddon,Harry Potter and the Sorcerer's Stone
Gerald Staddon,Willow
Gerald Staddon,Wizbit
Gerald Staddon,Star Wars: Episode VI - Return of the Jedi
Gerald Staddon,The Dark Crystal
Gerald Staddon,The Goodies
Gerald Staddon,History of the World: Part I
Gerald Staddon,Space: 1999
Dominic Smith,Thunderpants
Dominic Smith,Harry Potter and the Sorcerer's Stone
Kiran Shah,Dr. Spiderwack's Mind-boggling Compendium of Fantastic Urban Beasts
Kiran Shah,Resignation Day
Kiran Shah,Worzel Gummidge
Kiran Shah,Dracula
Kiran Shah,Star Wars: Episode IX - The Rise of Skywalker
Kiran Shah,Solo: A Star Wars Story
Kiran Shah,Star Wars: Episode VIII - The Last Jedi
Kiran Shah,Doctor Who
Kiran Shah,Rogue One: A Star Wars Story
Kiran Shah,Game of Thrones
Kiran Shah,Star Wars: Episode VII - The Force Awakens
Kiran Shah,The Hobbit: An Unexpected Journey
Kiran Shah,The Sounds of the Crickets
Kiran Shah,A Fantastic Fear of Everything
Kiran Shah,Kong Curling
Kiran Shah,Your Highness
Kiran Shah,Pixelface
Kiran Shah,Harvey Putter and the Ridiculous Premise
Kiran Shah,Paa
Kiran Shah,The Passion
Kiran Shah,That Mitchell and Webb Look
Kiran Shah,Shameless
Kiran Shah,"The Chronicles of Narnia: The Lion, the Witch and the Wardrobe"
Kiran Shah,The Chronicles of Narnia
Kiran Shah,Warp Vision: The Videos 1989-2004
Kiran Shah,The Work of Director Chris Cunningham
Kiran Shah,The Biggest Step
Kiran Shah,Harry Potter and the Sorcerer's Stone
Kiran Shah,Alice in Wonderland
Kiran Shah,Aphex Twin: Come to Daddy
Kiran Shah,Space Precinct
Kiran Shah,Black Beauty
Kiran Shah,U.F.O.
Kiran Shah,The Crucifer of Blood
Kiran Shah,Bullseye!
Kiran Shah,Jekyll and Hyde
Kiran Shah,The Adventures of Baron Munchausen
Kiran Shah,Masterpiece Mystery
Kiran Shah,The Sign of Four
Kiran Shah,Gothic
Kiran Shah,Legend
Kiran Shah,"Greystoke: The Legend of Tarzan, Lord of the Apes"
Kiran Shah,Star Wars: Episode VI - Return of the Jedi
Kiran Shah,The Dark Crystal
Kiran Shah,Indiana Jones and the Raiders of the Lost Ark
Kiran Shah,The Many Wives of Patrick
Mark Sealey,Becoming the Main Event
Kiran Shah,The People That Time Forgot
Mark Sealey,The Harry Hill Movie
Mark Sealey,Sherlock Holmes: A Game of Shadows
Mark Sealey,Life's Too Short
Mark Sealey,Big Fat Gypsy Gangster
Mark Sealey,Harry Potter and the Deathly Hallows: Part 2
Mark Sealey,Masters of Darkness
Mark Sealey,Harry Potter and the Sorcerer's Stone
Mark Sealey,Casualty
Mark Sealey,Buddy
Mark Sealey,Dramarama
Richard Alan Reid,UDrive Me
Richard Alan Reid,Frat Pack
Richard Alan Reid,The Con is On
Richard Alan Reid,Battle Drone
Richard Alan Reid,Tulip Fever
Richard Alan Reid,Swing State
Richard Alan Reid,Girlfriends
Richard Alan Reid,Criminal
Richard Alan Reid,Woman in Gold
Richard Alan Reid,Always Woodstock
Richard Alan Reid,The Legend of Hercules
Richard Alan Reid,Murder Eleven
Richard Alan Reid,Devil's Pass
Richard Alan Reid,Austenland
Richard Alan Reid,Double Wide Blues
Richard Alan Reid,NCIS
Richard Alan Reid,Flutter
Richard Alan Reid,Deadliest Warrior
Richard Alan Reid,"Love, Wedding, Marriage"
Richard Alan Reid,William & Kate
Richard Alan Reid,One Last Sunset
Nicholas Read,Harry Potter and the Sorcerer's Stone
Richard Alan Reid,The Hangover
Richard Alan Reid,What's Your Name 41?
Richard Alan Reid,"Auf Wiedersehen, Pet"
Richard Alan Reid,Harry Potter and the Sorcerer's Stone
Nicholas Read,Without Work: The Drive Away
Nicholas Read,Tommy Tricker and the Stamp Traveller
Nicholas Read,Labyrinth
Nicholas Read,Star Wars: Episode VI - Return of the Jedi
Miles Richardson,The Canterville Ghost
Miles Richardson,A Woman at Night
Miles Richardson,Queen of Spain
Miles Richardson,Anomaly
Miles Richardson,The Mystery of D.B. Cooper
Miles Richardson,Outlander
Miles Richardson,The Courier
Miles Richardson,Peterloo
Miles Richardson,Sick Note
Miles Richardson,Solo: A Star Wars Story
Miles Richardson,The Crown
Miles Richardson,White Witch of Devil's End
Miles Richardson,Genius
Miles Richardson,Their Finest
Miles Richardson,Dark Souls III
Miles Richardson,A Quiet Passion
Miles Richardson,Lucan
Miles Richardson,Doctors
Miles Richardson,Beat Girl
Miles Richardson,Dancing on the Edge
Miles Richardson,Jo
Miles Richardson,The Best Offer
Miles Richardson,Titanic
Miles Richardson,All Men's Dead
Miles Richardson,Upstairs Downstairs
Miles Richardson,A Princess for Christmas
Miles Richardson,Doctor Who: The Adventure Games - The Gunpowder Plot
Miles Richardson,Dark Souls
Miles Richardson,Midsomer Murders
Miles Richardson,Come Rain Come Shine
Miles Richardson,Dirk Gently
Miles Richardson,Dead and Buried
Miles Richardson,Jiro Shirasu: Man of Honor
Miles Richardson,Ghost Club
Miles Richardson,The Color of Magic
Miles Richardson,Proctologist 2
Miles Richardson,Tony Gets His Piles Done
Miles Richardson,Proctologist
Miles Richardson,Flushed Away
Miles Richardson,The Trial of the King Killers
Miles Richardson,A Visit to the Chaplain
Miles Richardson,Blood Relative
Miles Richardson,Marple
Miles Richardson,The Brief
Miles Richardson,Dæmos Rising
Miles Richardson,Me and My Smile
Miles Richardson,Byron
Miles Richardson,Cambridge Spies
Miles Richardson,The Inspector Lynley Mysteries
Miles Richardson,A World in Arms
Miles Richardson,Harry Potter and the Sorcerer's Stone
Miles Richardson,Murder Rooms: Mysteries of the Real Sherlock Holmes
Miles Richardson,Another Life
Miles Richardson,Hit List
Miles Richardson,Sabotage!
Miles Richardson,Elizabeth
Miles Richardson,Mindgame Trilogy
Miles Richardson,The Colour of Funny
Miles Richardson,Highlander: The Raven
Miles Richardson,Mindgame
Miles Richardson,Quartered Safe
Miles Richardson,Day Release
Miles Richardson,Strange But True?
Miles Richardson,The Final Cut
Miles Richardson,Downtime
Miles Richardson,The Remains of the Day
Miles Richardson,Ps and Qs
Miles Richardson,Hope It Rains
Miles Richardson,'Allo 'Allo!
Miles Richardson,Screenplay
Miles Richardson,Maurice
Miles Richardson,Porterhouse Blue
Miles Richardson,The Return of Sherlock Holmes
Miles Richardson,Foreign Body
Miles Richardson,Bulman
Miles Richardson,The First Olympics: Athens 1896
Miles Richardson,A Midsummer Night's Dream
Niall Phillips,Crack
Niall Phillips,Seconds Out
Niall Phillips,Life Just Is
Niall Phillips,Above and Beyond: The Craftsman
Niall Phillips,Between the Silence
Niall Phillips,Untouchable
Niall Phillips,Finite Lucidity
Niall Phillips,Harry Potter and the Sorcerer's Stone
Jason Porter,Harry Potter and the Sorcerer's Stone
Stefan Pejic,Kamikaze
Stefan Pejic,The Rezort
Stefan Pejic,Sherlock
Stefan Pejic,Con Passionate
Stefan Pejic,Doctors
Stefan Pejic,Re: Run
Stefan Pejic,Casualty
Stefan Pejic,"Goodbye, Mr. Chips"
Stefan Pejic,About a Boy
Stefan Pejic,Nuts and Bolts
Stefan Pejic,Harry Potter and the Sorcerer's Stone
Stefan Pejic,Teachers
Stefan Pejic,Gormenghast
Stefan Pejic,Mad for It
Ook,Harry Potter and the Deathly Hallows: Part 1
Ook,Harry Potter and the Order of the Phoenix
Ook,Harry Potter and the Goblet of Fire
Ook,Harry Potter and the Chamber of Secrets
Ook,Harry Potter and the Sorcerer's Stone
Maximus,Harry Potter and the Sorcerer's Stone
Franky Mwangi,"Afrika, mon amour"
Franky Mwangi,Hidalgo
Franky Mwangi,Tears of the Sun
Franky Mwangi,Harry Potter and the Sorcerer's Stone
Franky Mwangi,The Armando Iannucci Shows
Oh Oh,Harry Potter and the Deathly Hallows: Part 1
Oh Oh,Harry Potter and the Order of the Phoenix
Oh Oh,Harry Potter and the Goblet of Fire
Oh Oh,Harry Potter and the Chamber of Secrets
Oh Oh,Harry Potter and the Sorcerer's Stone
Peter Mandell,Harry Potter and the Sorcerer's Stone
Peter Mandell,The 10th Kingdom
Peter Mandell,Boobs in the Wood
Peter Mandell,The Secret Cabaret
Peter Mandell,Pigsty
Peter Mandell,Through the Dragon's Eye
Peter Mandell,Labyrinth
Peter Mandell,Star Wars: Episode VI - Return of the Jedi
Peter Mandell,Xtro
Mark Lisle,Grownups
Mark Lisle,Harry Potter and the Sorcerer's Stone
Mark Lisle,Labyrinth
Oliver Lavery-Farag,The Guides
Oliver Lavery-Farag,Harry Potter and the Chamber of Secrets
Oliver Lavery-Farag,Harry Potter and the Sorcerer's Stone
Oliver Lavery-Farag,Midsomer Murders
Hugo,Harry Potter and the Chamber of Secrets
Hugo,Harry Potter and the Sorcerer's Stone
Will Howes,Rise of the Footsoldier: Part II
Will Howes,Legacy
Will Howes,The Royals
Will Howes,Cranford
Will Howes,Coming Down the Mountain
Will Howes,Night & Day
Will Howes,Harry Potter and the Sorcerer's Stone
Will Howes,The Infinite Worlds of H.G. Wells
Will Howes,Big Kids
Will Howes,A Christmas Carol
Theo Kypri,Hawkeye
Theo Kypri,Jack Reacher: Never Go Back
Theo Kypri,P!Nk: Just Like Fire
Theo Kypri,The Leftovers
Theo Kypri,Scouts Guide to the Zombie Apocalypse
Theo Kypri,Southland
Theo Kypri,Kavinsky: Protovision
Theo Kypri,Bob Dylan: Duquesne Whistle
Theo Kypri,Setup
Theo Kypri,NTSF:SD:SUV
Theo Kypri,Priest
Theo Kypri,The Closer
Theo Kypri,6th and Santa Fe
Theo Kypri,Leverage
Theo Kypri,Iron Man
Theo Kypri,Meet the Spartans
Theo Kypri,I Know Who Killed Me
Theo Kypri,Alias
Theo Kypri,E-Ring
Theo Kypri,Harry Potter and the Sorcerer's Stone
Theo Kypri,Tomorrow Never Dies
Derek Hough,High School Musical: The Musical - The Series
Derek Hough,Fresh Holiday Moments with Derek & Julianne Hough
Derek Hough,Lindsey Stirling: Between Twilight
Derek Hough,Untitled Kourtney Kang Project
Derek Hough,Derek Hough Hold On
Derek Hough,Michael Bublé: I Believe in You
Derek Hough,Hairspray Live!
Derek Hough,Lindsey Stirling: The Arena
Derek Hough,Nashville
Derek Hough,Jane the Virgin
Derek Hough,Make Your Move
Derek Hough,Rock of Ages
Derek Hough,Better with You
Derek Hough,Lil' Kim: Download feat. T-Pain and Charlie Wilson
Derek Hough,Harry Potter and the Sorcerer's Stone
Darren Horan,Harry Potter and the Sorcerer's Stone
Phil Holden,The Hollow Crown
Phil Holden,Merlin
Phil Holden,Harry Potter and the Deathly Hallows: Part 2
Phil Holden,Your Highness
Phil Holden,Hollyoaks Later
Phil Holden,Harry Potter and the Goblet of Fire
Phil Holden,Harry Potter and the Sorcerer's Stone
Phil Holden,Casualty
Scott English,Harry Potter and the Sorcerer's Stone
Paul Grant,Harry Potter and the Sorcerer's Stone
Paul Grant,The Dead
Paul Grant,Labyrinth
Paul Grant,Star Wars: Episode VI - Return of the Jedi
Marc Hendrey,The Reverie
Marc Hendrey,The Protector
Marc Hendrey,Return of the Beast
Marc Hendrey,Going Nowhere
Marc Hendrey,Brotherly Love UK
Marc Hendrey,One Tonne
Marc Hendrey,Tell Tale
Marc Hendrey,Footballers Wive$: Overtime
Marc Hendrey,The Bill
Marc Hendrey,Harry Potter and the Sorcerer's Stone
Rusty Goffe,Spidarlings
Rusty Goffe,Borgia
Rusty Goffe,Doctor Who
Rusty Goffe,Harry Potter and the Deathly Hallows: Part 2
Rusty Goffe,Little Howard's Big Question
Rusty Goffe,Bear Behaving Badly
Rusty Goffe,Harry Potter and the Half-Blood Prince
Rusty Goffe,The Color of Magic
Rusty Goffe,Fred Claus
Rusty Goffe,Urban Legends
Rusty Goffe,Harry Potter and the Order of the Phoenix
Rusty Goffe,Ein Kitten für Hitler
Rusty Goffe,ChuckleVision
Rusty Goffe,Stupid
Rusty Goffe,Mrs. Henderson Presents
Rusty Goffe,Mirrormask
Rusty Goffe,Eyes Down
Rusty Goffe,Cold Feet
Rusty Goffe,The League of Gentlemen
Rusty Goffe,Ali G Indahouse
Rusty Goffe,Harry Potter and the Sorcerer's Stone
Rusty Goffe,Day Release
Rusty Goffe,Potamus Park
Rusty Goffe,Under the Moon
Rusty Goffe,Funny Bones
Rusty Goffe,The Brian Conley Show
Rusty Goffe,U.F.O.
Rusty Goffe,Death in Venice
Rusty Goffe,Through the Dragon's Eye
Rusty Goffe,The Russ Abbot Show
Rusty Goffe,Willow
Rusty Goffe,'Allo 'Allo!
Rusty Goffe,All the World's a Stage
Rusty Goffe,Are You Being Served?
Rusty Goffe,The Kenny Everett Television Show
Rusty Goffe,The Jim Davidson Show
Rusty Goffe,The Goodies
Rusty Goffe,The Paul Squire Show
Rusty Goffe,Razzmatazz
Rusty Goffe,History of the World: Part I
Rusty Goffe,Here Comes Channel 8
Rusty Goffe,Flash Gordon
Rusty Goffe,"The Lion, the Witch & the Wardrobe"
Rusty Goffe,The Little and Large Show
Rusty Goffe,Play for Today
Rusty Goffe,Hazell
Rusty Goffe,The Two Ronnies
Rusty Goffe,Look and Read
Rusty Goffe,Star Wars: Episode IV - A New Hope
Rusty Goffe,Disciple of Death
Rusty Goffe,Willy Wonka & the Chocolate Factory
Rusty Goffe,The Dave Allen Show
David William James Elliott,Mega Shark vs. Giant Octopus
David William James Elliott,The Everymens
David William James Elliott,The Dark Knight
David William James Elliott,Lost
David William James Elliott,Hitman
David William James Elliott,Hot Fuzz
David William James Elliott,Bending Light
David William James Elliott,That '70s Show
David William James Elliott,Shaun of the Dead
David William James Elliott,Malcolm in the Middle
David William James Elliott,Harry Potter and the Sorcerer's Stone
Gizmo,Harry Potter and the Deathly Hallows: Part 1
Gizmo,Harry Potter and the Order of the Phoenix
Gizmo,Harry Potter and the Goblet of Fire
Gizmo,Harry Potter and the Chamber of Secrets
Gizmo,Harry Potter and the Sorcerer's Stone
Liam Elcoat,Captain America: The First Avenger
Liam Elcoat,Hounded
Liam Elcoat,Wire in the Blood
Liam Elcoat,Harry Potter and the Sorcerer's Stone
Liam Elcoat,Billy Elliot
Liam Elcoat,Purely Belter
Liam Elcoat,Byker Grove
Mike Edmonds,Star Wars: Battlefront II
Mike Edmonds,Harry Potter and the Deathly Hallows: Part 2
Mike Edmonds,Starhyke
Mike Edmonds,"Sneeuwwitje, de Romantische Familiemusical"
Mike Edmonds,Harry Potter and the Sorcerer's Stone
Mike Edmonds,Fun at the Funeral Parlour
Mike Edmonds,The 10th Kingdom
Mike Edmonds,Maid Marian and Her Merry Men
Mike Edmonds,The Silver Chair
Mike Edmonds,The Paradise Club
Mike Edmonds,The Storyteller
Mike Edmonds,Who Framed Roger Rabbit
Mike Edmonds,Salome's Last Dance
Mike Edmonds,Snow White
Mike Edmonds,"Dodger, Bonzo & the Rest"
Mike Edmonds,Lost Empires
Mike Edmonds,Treasures of the Mindlord
Mike Edmonds,Legend
Mike Edmonds,They Came from Somewhere Else
Mike Edmonds,Sword of the Valiant
Mike Edmonds,Men Without Hats: The Safety Dance
Mike Edmonds,St. Ursula's in Danger
Mike Edmonds,Star Wars: Episode VI - Return of the Jedi
Mike Edmonds,"Philip Marlowe, Private Eye"
Mike Edmonds,The Dark Crystal
Mike Edmonds,The Goodies
Mike Edmonds,I Remember Nelson
Mike Edmonds,Time Bandits
Mike Edmonds,Clash of the Titans
Mike Edmonds,Flash Gordon
Mike Edmonds,Star Wars: Episode V - The Empire Strikes Back
Mike Edmonds,Black Jack
Mike Edmonds,Far from the Madding Crowd
Mike Edmonds,Darling
Dex,Harry Potter and the Sorcerer's Stone
Dex,Getting Personal
Paul Marc Davis,Watch Dogs: Legion
Paul Marc Davis,Arthur & Merlin: Knights of Camelot
Paul Marc Davis,Class
Paul Marc Davis,Silent Witness
Paul Marc Davis,Doctors
Paul Marc Davis,Son of God
Paul Marc Davis,The Sky in Bloom
Paul Marc Davis,The Bible
Paul Marc Davis,Diagnosis Superstar
Paul Marc Davis,Dear Darkness
Paul Marc Davis,The Symmetry of Love
Paul Marc Davis,Barry Brown
Paul Marc Davis,The Sarah Jane Adventures
Paul Marc Davis,Hardly Bear to Look at You
Paul Marc Davis,Torchwood
Paul Marc Davis,EastEnders
Paul Marc Davis,The Seer
Paul Marc Davis,Cassandra's Dream
Paul Marc Davis,Doctor Who
Paul Marc Davis,Three Minute Moments
Paul Marc Davis,Still Living
Paul Marc Davis,Quality Indigo
Paul Marc Davis,Personal Justice
Paul Marc Davis,Sinister
Paul Marc Davis,The Real Casanova
Paul Marc Davis,Harry Potter and the Sorcerer's Stone
David Brett,Jade Dragon
David Brett,Worst Fears
David Brett,For Grace
David Brett,Circumstances
David Brett,Dogtown
David Brett,ChuckleVision
David Brett,The Fear of Speed
David Brett,Harry Potter and the Sorcerer's Stone
Peter Burroughs,Harry Potter and the Deathly Hallows: Part 2
Peter Burroughs,The Hitchhiker's Guide to the Galaxy
Peter Burroughs,Harry Potter and the Sorcerer's Stone
Peter Burroughs,The Best of Blur
Peter Burroughs,The 10th Kingdom
Peter Burroughs,Blur: Coffee & TV
Peter Burroughs,One Foot in the Grave
Peter Burroughs,Willow
Peter Burroughs,Help!
Peter Burroughs,Labyrinth
Peter Burroughs,Star Wars: Episode VI - Return of the Jedi
Peter Burroughs,Doctor Who
Peter Burroughs,The Dark Crystal
Peter Burroughs,The Goodies
Peter Burroughs,Into the Labyrinth
Peter Burroughs,Dick Turpin
Peter Burroughs,The Talisman
Peter Burroughs,Flash Gordon
Peter Burroughs,"Hamlet, Prince of Denmark"
Peter Burroughs,The Legend of King Arthur
Paul Bannon,Harry Potter and the Deathly Hallows: Part 1
Paul Bannon,Harry Potter and the Order of the Phoenix
Paul Bannon,Harry Potter and the Goblet of Fire
Paul Bannon,Harry Potter and the Chamber of Secrets
Paul Bannon,Harry Potter and the Sorcerer's Stone
Paul Bannon,Conspiracy
Paul Bannon,The World Is Not Enough
Paul Bannon,Star Wars: Episode I - The Phantom Menace
Paul Bannon,GoldenEye
Paul Bannon,The Spy Who Loved Me
Alan Bennett,Harry Potter and the Deathly Hallows: Part 2
Alan Bennett,Harry Potter and the Sorcerer's Stone
Alan Bennett,Willow
Alan Bennett,Star Wars: Episode VI - Return of the Jedi
Steve Apelt,Show Dogs
Steve Apelt,Another Mother's Son
Steve Apelt,Harry Potter and the Sorcerer's Stone
Steve Apelt,Lucky Break
Steve Apelt,Bridget Jones's Diary
Steve Apelt,Something Between Us
Steve Apelt,Shakespeare in Love
Mark Ballas,Crunchers: Mr. Salt's Bestest Warm-Up Commercial
Mark Ballas,Alexander Jean Ft. Lindsey Stirling: Stampede
Mark Ballas,Samantha Who?
Mark Ballas,Harry Potter and the Sorcerer's Stone
Adam Alderman,Harry Potter and the Deathly Hallows: Part 2
Adam Alderman,Harry Potter and the Sorcerer's Stone
Andy Herd,Harry Potter and the Sorcerer's Stone
Lukas Bennett,Redcon-1
Lukas Bennett,Thor: The Dark World
Lukas Bennett,The Walking Dead
Lukas Bennett,Underground
Lukas Bennett,Harry Potter and the Sorcerer's Stone
Will Theakston,"Sir Gadabout, the Worst Knight in the Land"
Will Theakston,Harry Potter and the Sorcerer's Stone
Will Theakston,The Ghost Hunter
Will Theakston,Killing Joe
Adrian Rawlins,Living
Adrian Rawlins,The Colour Room
Adrian Rawlins,Baptiste
Adrian Rawlins,Without Remorse
Adrian Rawlins,Grace
Adrian Rawlins,A Discovery of Witches
Adrian Rawlins,Small Axe
Adrian Rawlins,South of the Circle
Adrian Rawlins,Undergods
Adrian Rawlins,Trigonometry
Adrian Rawlins,The Small Hand (Ghost Story)
Adrian Rawlins,Sanditon
Adrian Rawlins,Chernobyl
Adrian Rawlins,Girlfriends
Adrian Rawlins,Innocent
Adrian Rawlins,Hard Sun
Adrian Rawlins,Maigret
Adrian Rawlins,Darkest Hour
Adrian Rawlins,The White Princess
Adrian Rawlins,Death in Paradise
Adrian Rawlins,Dickensian
Scot Fearn,The Bill
Adrian Rawlins,War & Peace
Adrian Rawlins,From Darkness
Adrian Rawlins,Bridgend
Adrian Rawlins,The Woman in Black 2: Angel of Death
Adrian Rawlins,Glue
Adrian Rawlins,Father Brown
Adrian Rawlins,Silent Witness
Adrian Rawlins,By Any Means
Scot Fearn,Harry Potter and the Chamber of Secrets
Scot Fearn,Harry Potter and the Sorcerer's Stone
Adrian Rawlins,Prisoners Wives
Adrian Rawlins,Mayday
Adrian Rawlins,Mrs Biggs
Adrian Rawlins,The Raven
Adrian Rawlins,Law & Order: UK
Adrian Rawlins,Strike Back
Adrian Rawlins,Intruders
Adrian Rawlins,Harry Potter and the Deathly Hallows: Part II
Adrian Rawlins,Harry Potter and the Deathly Hallows: Part 2
Adrian Rawlins,Midsomer Murders
Adrian Rawlins,Misfits
Adrian Rawlins,Harry Potter and the Deathly Hallows: Part 1
Adrian Rawlins,Bouquet of Barbed Wire
Adrian Rawlins,Tales of the Fourth Dimension
Adrian Rawlins,Hunter
Adrian Rawlins,Locked Up Abroad
Adrian Rawlins,Doctor Who
Adrian Rawlins,10 Days to War
Adrian Rawlins,Trial & Retribution
Adrian Rawlins,The Old Curiosity Shop
Adrian Rawlins,The Whistleblowers
Adrian Rawlins,Clapham Junction
Adrian Rawlins,Harry Potter and the Order of the Phoenix
Adrian Rawlins,Life Line
Adrian Rawlins,New Tricks
Adrian Rawlins,Marple
Adrian Rawlins,Inspector Lewis
Adrian Rawlins,The Inspector Lynley Mysteries
Adrian Rawlins,Animals
Adrian Rawlins,I Shouldn't Be Alive
Adrian Rawlins,Harry Potter and the Goblet of Fire
Adrian Rawlins,The Man-Eating Lions of Njombe
Adrian Rawlins,Ahead of the Class
Adrian Rawlins,MI-5
Adrian Rawlins,Harry Potter and the Prisoner of Azkaban
Adrian Rawlins,Dunkirk
Adrian Rawlins,Hear the Silence
Adrian Rawlins,Wilbur Wants to Kill Himself
Adrian Rawlins,Harry Potter and the Chamber of Secrets
Adrian Rawlins,The Stretford Wives
Adrian Rawlins,Bubbles
Adrian Rawlins,Harry Potter and the Sorcerer's Stone
Adrian Rawlins,Holby City
Adrian Rawlins,My Brother Tom
Adrian Rawlins,Blood
Adrian Rawlins,Badger
Adrian Rawlins,Dalziel and Pascoe
Adrian Rawlins,Sunburn
Adrian Rawlins,Liverpool 1
Adrian Rawlins,An Evil Streak
Adrian Rawlins,Forgotten
Adrian Rawlins,Casualty
Adrian Rawlins,Insiders
Adrian Rawlins,Snowy River: The McGregor Saga
Adrian Rawlins,The Inner Sanctuary
Adrian Rawlins,The Bill
Adrian Rawlins,Breaking the Waves
Adrian Rawlins,Different for Girls
Adrian Rawlins,She's Out
Adrian Rawlins,Tears Before Bedtime
Adrian Rawlins,Moving Story
Adrian Rawlins,Soldier Soldier
Adrian Rawlins,My Forgotten Man
Adrian Rawlins,Screen One
Adrian Rawlins,Early Travellers in North America
Adrian Rawlins,4 Play
Adrian Rawlins,Mountains of the Moon
Adrian Rawlins,The Woman in Black
Adrian Rawlins,The Ginger Tree
Adrian Rawlins,The Four Minute Mile
Adrian Rawlins,Christabel
Adrian Rawlins,Neighbours
Adrian Rawlins,Georgia
Adrian Rawlins,With Love to the Person Next to Me
Adrian Rawlins,Chance in a Million
Adrian Rawlins,Kit Curran
Adrian Rawlins,Dem Vater entrissen
Adrian Rawlins,Revolution
Adrian Rawlins,Palm Beach
Ray Fearon,Olympian
Ray Fearon,One Year Off
Ray Fearon,Swede Caroline
Ray Fearon,Coffee Wars
Ray Fearon,Memory
Ray Fearon,The Lady of Heaven
Ray Fearon,Father Christmas Is Back
Ray Fearon,Close to Me
Ray Fearon,The Protégé
Ray Fearon,The Girlfriend Experience
Ray Fearon,Breach
Ray Fearon,His Dark Materials
Ray Fearon,Semi-Detached
Ray Fearon,Red Dwarf
Ray Fearon,Assassin's Creed: Gold
Ray Fearon,Plebs
Ray Fearon,Fleabag
Ray Fearon,Lessons of the Hour
Ray Fearon,Shakespeare & Hathaway: Private Investigators
Ray Fearon,Silent Witness
Ray Fearon,Origin
Ray Fearon,2036 Origin Unknown
Ray Fearon,Midsomer Murders
Ray Fearon,To Love and to Cherish
Ray Fearon,Space for You
Ray Fearon,The Foreigner
Ray Fearon,Snatch
Ray Fearon,Beauty and the Beast
Ray Fearon,The Yellow Birds
Ray Fearon,New Blood
Ray Fearon,The Complete Walk: Troilus and Cressida
Ray Fearon,Da Vinci's Demons
Ray Fearon,Suspects
Ray Fearon,The Hooligan Factory
Ray Fearon,Moving On
Ray Fearon,Macbeth
Ray Fearon,Julius Caesar
Ray Fearon,Silk
Ray Fearon,Boys on Film 8: Cruel Britannia
Ray Fearon,Hamilton: In the Interest of the Nation
Ray Fearon,Above Suspicion
Ray Fearon,Therapist
Ray Fearon,Death in Paradise
Ray Fearon,Beate Uhse - Das Recht auf Liebe
Ray Fearon,Time Machine: Rise of the Morlocks
Ray Fearon,Planet of the Apemen: Battle for Earth
Ray Fearon,Ein Sommer in Kapstadt
Ray Fearon,Raw
Ray Fearon,Missing
Ray Fearon,Lulu und Jimi
Ray Fearon,Doctors
Ray Fearon,The Chef's Letter
Ray Fearon,Coronation Street
Ray Fearon,Revelations
Ray Fearon,Waking the Dead
Ray Fearon,Keen Eddie
Ray Fearon,As If
Ray Fearon,The Bill
Ray Fearon,Outside the Rules
Ray Fearon,Harry Potter and the Sorcerer's Stone
Ray Fearon,EastEnders
Ray Fearon,A Christmas Carol
Ray Fearon,The Clandestine Marriage
Ray Fearon,Gold
Ray Fearon,The Merchant of Venice
Ray Fearon,Hamlet
Ray Fearon,Dressing for Breakfast
Ray Fearon,Prime Suspect: The Scent of Darkness
David Holmes,Harry Potter and the Chamber of Secrets
David Holmes,Harry Potter and the Sorcerer's Stone
Alfred Enoch,Foundation
Alfred Enoch,The Picture of Dorian Gray
Alfred Enoch,What a Carve Up!
Alfred Enoch,Tigers
Alfred Enoch,Executive Order
Alfred Enoch,How to Get Away with Murder
Alfred Enoch,Great Performances
Alfred Enoch,Trust Me
Alfred Enoch,MGC Presents Red
Alfred Enoch,Troy: Fall of a City
Alfred Enoch,King Lear
Alfred Enoch,Coriolanus
Alfred Enoch,Sherlock
Alfred Enoch,Mount Pleasant
Alfred Enoch,Broadchurch
Alfred Enoch,National Theatre Live: Antigone
Alfred Enoch,Timon of Athens
Alfred Enoch,Harry Potter and the Deathly Hallows: Part II
Alfred Enoch,Harry Potter and the Deathly Hallows: Part 2
Alfred Enoch,Harry Potter and the Deathly Hallows: Part I
Alfred Enoch,Harry Potter and the Half-Blood Prince
Alfred Enoch,Harry Potter and the Half-Blood Prince
Alfred Enoch,Harry Potter and the Order of the Phoenix
Alfred Enoch,Harry Potter and the Order of the Phoenix
Alfred Enoch,Harry Potter and the Goblet of Fire
Alfred Enoch,Harry Potter and the Prisoner of Azkaban
Alfred Enoch,Harry Potter and the Chamber of Secrets
Alfred Enoch,Harry Potter and the Sorcerer's Stone
Devon Murray,Damo & Ivor The Movie
Devon Murray,Harry Potter and the Deathly Hallows: Part II
Devon Murray,Harry Potter and the Deathly Hallows: Part 2
Devon Murray,Harry Potter and the Deathly Hallows: Part 1
Devon Murray,Harry Potter and the Half-Blood Prince
Devon Murray,Gone Fishing
Devon Murray,Harry Potter and the Order of the Phoenix
Devon Murray,Harry Potter and the Goblet of Fire
Devon Murray,Harry Potter and the Prisoner of Azkaban
Devon Murray,Harry Potter and the Chamber of Secrets
Devon Murray,Harry Potter and the Sorcerer's Stone
Devon Murray,Yesterday's Children
Devon Murray,Angela's Ashes
Devon Murray,This Is My Father
Jamie Waylett,Harry Potter and the Half-Blood Prince
Jamie Waylett,Harry Potter and the Half-Blood Prince
Jamie Waylett,Harry Potter and the Order of the Phoenix
Jamie Waylett,Harry Potter and the Order of the Phoenix
Jamie Waylett,Harry Potter and the Goblet of Fire
Jamie Waylett,Harry Potter and the Prisoner of Azkaban
Jamie Waylett,Harry Potter and the Chamber of Secrets
Jamie Waylett,Harry Potter and the Sorcerer's Stone
Josh Herdman,The Man Who Fell to Earth
Josh Herdman,Cornerboy
Josh Herdman,Alex Rider
Josh Herdman,The Murders at White House Farm
Josh Herdman,Giantland
Josh Herdman,Robin Hood
Josh Herdman,Sink
Josh Herdman,Two Graves
Josh Herdman,Marcella
Josh Herdman,Strike Back
Josh Herdman,Coming Up
Josh Herdman,Common People
Josh Herdman,Wizards vs. Aliens
Josh Herdman,Piggy
Josh Herdman,The Estate
Josh Herdman,Harry Potter and the Deathly Hallows: Part II
Josh Herdman,Harry Potter and the Deathly Hallows: Part 2
Josh Herdman,Harry Potter and the Deathly Hallows: Part 1
Josh Herdman,Harry Potter and the Half-Blood Prince
Josh Herdman,Harry Potter and the Half-Blood Prince
Josh Herdman,Harry Potter and the Order of the Phoenix
Josh Herdman,Harry Potter and the Order of the Phoenix
Josh Herdman,UGetMe
Josh Herdman,Harry Potter and the Goblet of Fire
Josh Herdman,The Bill
Josh Herdman,Harry Potter and the Prisoner of Azkaban
Josh Herdman,Harry Potter and the Chamber of Secrets
Josh Herdman,Thunderpants
Josh Herdman,Harry Potter and the Sorcerer's Stone
Matthew Lewis,All Creatures Great and Small
Matthew Lewis,Baby Done
Matthew Lewis,Nutritiously Nicola
Matthew Lewis,Terminal
Matthew Lewis,Girlfriends
Matthew Lewis,Drunk History: UK
Matthew Lewis,Ripper Street
Matthew Lewis,Me Before You
Matthew Lewis,Juliet Remembered
Matthew Lewis,Happy Valley
Matthew Lewis,Lego Dimensions
Matthew Lewis,Bluestone 42
Matthew Lewis,Death in Paradise
Matthew Lewis,The Sweet Shop
Matthew Lewis,Our Boys
Matthew Lewis,Wasteland
Matthew Lewis,The Syndicate
Matthew Lewis,Night of the Loving Dead
Matthew Lewis,Harry Potter and the Deathly Hallows: Part II
Matthew Lewis,Harry Potter and the Deathly Hallows: Part 2
Matthew Lewis,Harry Potter and the Deathly Hallows: Part 1
Matthew Lewis,Harry Potter and the Forbidden Journey
Matthew Lewis,Harry Potter and the Half-Blood Prince
Matthew Lewis,Harry Potter and the Order of the Phoenix
Matthew Lewis,Harry Potter and the Order of the Phoenix
Matthew Lewis,The Children's Party at the Palace
Matthew Lewis,Harry Potter and the Goblet of Fire
Matthew Lewis,Harry Potter and the Prisoner of Azkaban
Matthew Lewis,Harry Potter and the Chamber of Secrets
Matthew Lewis,Harry Potter and the Sorcerer's Stone
Matthew Lewis,This Is Personal: The Hunt for the Yorkshire Ripper
Matthew Lewis,Heartbeat
Matthew Lewis,City Central
Matthew Lewis,Where the Heart Is
Matthew Lewis,Dalziel and Pascoe
Matthew Lewis,Some Kind of Life
Tom Felton,Burial
Tom Felton,Canyon Del Muerto
Tom Felton,Lead Heads
Tom Felton,Some Other Woman
Tom Felton,Save the Cinema
Tom Felton,A Tale of Two Mindsets
Tom Felton,The Forgotten Battle
Tom Felton,A Babysitter's Guide to Monster Hunting
Tom Felton,Braking for Whales
Tom Felton,Origin
Tom Felton,James Arthur: Empty Space
Tom Felton,Ophelia
Tom Felton,Feed
Tom Felton,The Flash
Tom Felton,Megan Leavey
Tom Felton,Stratton
Tom Felton,A United Kingdom
Tom Felton,Message from the King
Tom Felton,Sheep & Wolves
Tom Felton,Risen
Tom Felton,Against the Sun
Tom Felton,How I Didn't Become a Piano Player
Tom Felton,Murder in the First
Tom Felton,Full Circle
Tom Felton,Belle
Tom Felton,In Secret
Tom Felton,From the Rough
Tom Felton,Labyrinth
Tom Felton,The Apparition
Tom Felton,Rise of the Planet of the Apes
Tom Felton,Harry Potter and the Deathly Hallows: Part 2
Tom Felton,White Other
Tom Felton,Harry Potter and the Deathly Hallows: Part I
Tom Felton,Harry Potter and the Deathly Hallows: Part 1
Tom Felton,Night Wolf
Tom Felton,Harry Potter and the Forbidden Journey
Tom Felton,Get Him to the Greek
Tom Felton,Harry Potter and the Half-Blood Prince
Tom Felton,Harry Potter and the Half-Blood Prince
Tom Felton,The Disappeared
Tom Felton,Harry Potter and the Order of the Phoenix
Tom Felton,Harry Potter and the Order of the Phoenix
Tom Felton,Harry Potter and the Goblet of Fire
Tom Felton,Harry Potter and the Prisoner of Azkaban
Tom Felton,Harry Potter and the Chamber of Secrets
Tom Felton,Harry Potter and the Sorcerer's Stone
Tom Felton,Second Sight: Hide and Seek
Tom Felton,Anna and the King
Tom Felton,Second Sight
Tom Felton,Home Farm Twins
Tom Felton,Bugs
Tom Felton,The Borrowers
Rupert Grint,Cabinet of Curiosities
Rupert Grint,Servant
Rupert Grint,The ABC Murders
Rupert Grint,Snatch
Rupert Grint,Sick Note
Rupert Grint,Snatch: Time Heist
Rupert Grint,Urban Myths
Rupert Grint,Tracey Ullman's Show
Rupert Grint,Moonwalkers
Rupert Grint,Instruments of Darkness
Rupert Grint,Harry Potter and the Escape from Gringotts
Rupert Grint,The Hogwarts Express
Rupert Grint,Postman Pat: The Movie
Rupert Grint,Super Clyde
Rupert Grint,CBGB
Rupert Grint,Underdogs
Rupert Grint,Charlie Countryman
Rupert Grint,American Dad!
Rupert Grint,Into the White
Rupert Grint,Ed Sheeran: Lego House
Rupert Grint,Harry Potter and the Deathly Hallows: Part II
Rupert Grint,Harry Potter and the Deathly Hallows: Part 2
Rupert Grint,Come Fly with Me
Rupert Grint,Harry Potter and the Deathly Hallows: Part I
Rupert Grint,Harry Potter and the Deathly Hallows: Part 1
Rupert Grint,Harry Potter and the Forbidden Journey
Rupert Grint,Wild Target
Rupert Grint,Harry Potter and the Half-Blood Prince
Rupert Grint,Harry Potter and the Half-Blood Prince
Rupert Grint,Cherrybomb
Rupert Grint,Harry Potter and the Order of the Phoenix
Rupert Grint,Harry Potter and the Order of the Phoenix
Rupert Grint,The Children's Party at the Palace
Rupert Grint,Driving Lessons
Rupert Grint,Harry Potter and the Goblet of Fire
Rupert Grint,"Happy Birthday, Peter Pan"
Rupert Grint,Harry Potter and the Prisoner of Azkaban
Rupert Grint,Harry Potter and the Chamber of Secrets
Rupert Grint,Thunderpants
Rupert Grint,Harry Potter and the Sorcerer's Stone
Oliver Phelps,Own Worst Enemy
Oliver Phelps,Last Night in Soho
Oliver Phelps,7 Days: The story of Blind Dave Heeley
Oliver Phelps,Danny and the Human Zoo
Oliver Phelps,The Hogwarts Express
Oliver Phelps,Ears
Oliver Phelps,Harry Potter and the Deathly Hallows: Part 2
Oliver Phelps,Harry Potter and the Deathly Hallows: Part I
Oliver Phelps,Harry Potter and the Deathly Hallows: Part 1
Oliver Phelps,Harry Potter and the Forbidden Journey
Oliver Phelps,Harry Potter and the Half-Blood Prince
Oliver Phelps,Kingdom
Oliver Phelps,A Mind's Eye
Oliver Phelps,Harry Potter and the Order of the Phoenix
Oliver Phelps,Harry Potter and the Order of the Phoenix
Oliver Phelps,Harry Potter and the Goblet of Fire
Oliver Phelps,Harry Potter and the Prisoner of Azkaban
Oliver Phelps,Harry Potter and the Chamber of Secrets
Oliver Phelps,Harry Potter and the Sorcerer's Stone
Chris Rankin,When It Rains
Chris Rankin,Cinderella Live
Chris Rankin,Gracie
Chris Rankin,The Hillywood Show
Chris Rankin,Harry Potter and the Deathly Hallows: Part 2
Chris Rankin,LifeHack
Chris Rankin,The Mysteries of Pittsburgh
Chris Rankin,Harry Potter and the Order of the Phoenix
Chris Rankin,Victoria Cross Heroes
Chris Rankin,"Explode, Chapter Two: Into the Fold"
Chris Rankin,The Rotters' Club
Chris Rankin,Harry Potter and the Prisoner of Azkaban
Chris Rankin,Harry Potter and the Chamber of Secrets
Chris Rankin,Harry Potter and the Sorcerer's Stone
James Phelps,Brigantia
James Phelps,Own Worst Enemy
James Phelps,Last Night in Soho
James Phelps,Cadia: The World Within
James Phelps,7 Days: The story of Blind Dave Heeley
James Phelps,Patchwork
James Phelps,Danny and the Human Zoo
James Phelps,Silent Witness
James Phelps,The Hogwarts Express
James Phelps,The Turn
James Phelps,Ward 3
James Phelps,Harry Potter and the Deathly Hallows: Part 2
James Phelps,Harry Potter and the Deathly Hallows: Part I
James Phelps,Harry Potter and the Deathly Hallows: Part 1
James Phelps,Harry Potter and the Forbidden Journey
James Phelps,Harry Potter and the Half-Blood Prince
James Phelps,Kingdom
James Phelps,A Mind's Eye
James Phelps,Harry Potter and the Order of the Phoenix
James Phelps,Harry Potter and the Order of the Phoenix
James Phelps,Harry Potter and the Goblet of Fire
James Phelps,Harry Potter and the Prisoner of Azkaban
James Phelps,Harry Potter and the Chamber of Secrets
James Phelps,Harry Potter and the Sorcerer's Stone
Harry Taylor,The Trip
Harry Taylor,Dumbo
Harry Taylor,Dark Shadows
Harry Taylor,Alice in Wonderland
Harry Taylor,Enid
Harry Taylor,Sweeney Todd: The Demon Barber of Fleet Street
Harry Taylor,The Golden Compass
Harry Taylor,The Da Vinci Code
Harry Taylor,Casualty
Harry Taylor,Charlie and the Chocolate Factory
Harry Taylor,Harry Potter and the Chamber of Secrets
Harry Taylor,Harry Potter and the Sorcerer's Stone
Harry Taylor,Second Sight
Harry Taylor,Plastic Man
Harry Taylor,Mission Manila
Harry Taylor,Demon of Paradise
Richard Bremmer,Flux Gourmet
Richard Bremmer,The Third Day
Richard Bremmer,Star Wars: Episode IX - The Rise of Skywalker
Richard Bremmer,The Song of Names
Richard Bremmer,In Fabric
Richard Bremmer,Into the Badlands
Richard Bremmer,The Alienist
Richard Bremmer,Swallows and Amazons
Richard Bremmer,Beowulf: Return to the Shieldlands
Richard Bremmer,In the Heart of the Sea
Richard Bremmer,Perdition County
Richard Bremmer,Our Zoo
Richard Bremmer,Mr. Turner
Richard Bremmer,Murder on the Home Front
Richard Bremmer,Les Misérables
Richard Bremmer,City Slacker
Richard Bremmer,The Hollow Crown
Richard Bremmer,Macbeth
Richard Bremmer,The Power of Three
Richard Bremmer,"Ourhouse, Episode 3: 'The Cure of Folly'"
Richard Bremmer,"Ourhouse, Episode 2: 'Class'"
Richard Bremmer,The Borgias
Richard Bremmer,The Duchess of Malfi
Richard Bremmer,"Ourhouse, Episode 4: 'Internal Problems'"
Richard Bremmer,Holby City
Richard Bremmer,"Ourhouse, Episode 1: 'Games'"
Richard Bremmer,The Lost Explorer
Richard Bremmer,Kingdom
Richard Bremmer,Crusoe
Richard Bremmer,Control
Richard Bremmer,Doctors
Richard Bremmer,Mr. Loveday's Little Outing
Richard Bremmer,Marple
Richard Bremmer,A Higher Agency
Richard Bremmer,Dead Man Weds
Richard Bremmer,The Aryan Couple
Richard Bremmer,Casualty
Richard Bremmer,Viper in the Fist
Richard Bremmer,Coronation Street
Richard Bremmer,Ripper 2: Letter from Within
Richard Bremmer,Dunkirk
Richard Bremmer,The Last King
Richard Bremmer,The Order
Richard Bremmer,To Kill a King
Richard Bremmer,"Twelfth Night, or What You Will"
Richard Bremmer,Shanghai Knights
Richard Bremmer,Half Past Dead
Richard Bremmer,Chasm
Richard Bremmer,Harry Potter and the Sorcerer's Stone
Richard Bremmer,Just Visiting
Richard Bremmer,Pianoman
Richard Bremmer,Onegin
Richard Bremmer,The 13th Warrior
Richard Bremmer,Peak Practice
Richard Bremmer,Picking up the Pieces
Richard Bremmer,Crime and Punishment
Richard Bremmer,Richard II
Richard Bremmer,The Girl with Brains in Her Feet
Richard Bremmer,Sharpe
Richard Bremmer,The Bill
Richard Bremmer,Drop the Dead Donkey
Richard Bremmer,Scarlet and Black
Richard Bremmer,The Buddha of Suburbia
Richard Bremmer,Spender
Richard Bremmer,A Small Problem
Richard Bremmer,The Growing Pains of Adrian Mole
Richard Bremmer,Zastrozzi: A Romance
Richard Bremmer,Theatre Night
Richard Bremmer,By the Sword Divided
Richard Bremmer,Stars of the Roller State Disco
Richard Bremmer,Miracles Take Longer
Richard Bremmer,Made in Britain
Richard Bremmer,Juliet Bravo
Richard Bremmer,Couples and Robbers
John Hurt,Damascus Cover
John Hurt,That Good Night
John Hurt,My Name Is Lenny
John Hurt,The Pity of War: The Loves and Lives of the War Poets
John Hurt,Back to Utopia
John Hurt,Jackie
John Hurt,The Journey
John Hurt,ChickLit
John Hurt,Unfinished Tales: The Alchemist
John Hurt,The Last Panthers
John Hurt,Thomas & Friends: Sodor's Legend of the Lost Treasure
John Hurt,A.K.A Nadia
John Hurt,Break
John Hurt,The Alchemist's Letter
John Hurt,Hercules
John Hurt,Doctor Who
John Hurt,Snowpiercer
John Hurt,Swan Lake 3D - Live from the Mariinsky Theatre
John Hurt,Only Lovers Left Alive
John Hurt,King Lear: Scene 133
John Hurt,Look Again
John Hurt,Charlie Countryman
John Hurt,Merlin
John Hurt,Labyrinth
John Hurt,The Hollow Crown
John Hurt,Playhouse Presents
John Hurt,Sightseers
John Hurt,In Love with Alma Cogan
John Hurt,Jayne Mansfield's Car
John Hurt,Regret Not Speaking
John Hurt,Sailcloth
John Hurt,The Gruffalo's Child
John Hurt,Immortals
John Hurt,Tinker Tailor Soldier Spy
John Hurt,"23 Degrees, 5 Minutes"
John Hurt,Harry Potter and the Deathly Hallows: Part 2
John Hurt,Melancholia
John Hurt,The Confession
John Hurt,Whistle and I'll Come to You
John Hurt,"Ultramarines: A Warhammer 40,000 Movie"
John Hurt,Love at First Sight
John Hurt,Harry Potter and the Deathly Hallows: Part 1
John Hurt,Brighton Rock
John Hurt,A Turtle's Tale: Sammy's Adventures
John Hurt,Lou
John Hurt,The Gruffalo
John Hurt,44 Inch Chest
John Hurt,The Limits of Control
John Hurt,An Englishman in New York
John Hurt,"New York, I Love You"
John Hurt,Lecture 21
John Hurt,Outlander
John Hurt,Hellboy II: The Golden Army
John Hurt,Recount
John Hurt,Indiana Jones and the Kingdom of the Crystal Skull
John Hurt,The Oxford Murders
John Hurt,Masters of Science Fiction
John Hurt,Hellboy Animated: Blood and Iron
John Hurt,Boxes
John Hurt,Perfume: The Story of a Murderer
John Hurt,V for Vendetta
John Hurt,The Proposition
John Hurt,Shooting Dogs
John Hurt,The Skeleton Key
John Hurt,Manderlay
John Hurt,Valiant
John Hurt,Short Order
John Hurt,The Alan Clark Diaries
John Hurt,Pride
John Hurt,Hellboy
John Hurt,Suede: Attitude
John Hurt,Dogville
John Hurt,Meeting Che Guevara & the Man from Maybury Hill
John Hurt,Owning Mahowny
John Hurt,Bait
John Hurt,Crime and Punishment
John Hurt,Miranda
John Hurt,Tabloid
John Hurt,Great Performances
John Hurt,Harry Potter and the Sorcerer's Stone
John Hurt,Captain Corelli's Mandolin
John Hurt,Lost Souls
John Hurt,Watership Down
John Hurt,Krapp's Last Tape
John Hurt,The Tigger Movie
John Hurt,New Blood
John Hurt,You're Dead...
John Hurt,If... Dog... Rabbit
John Hurt,A Monkey's Tale
John Hurt,Tender Loving Care
John Hurt,Night Train
John Hurt,All the Little Animals
John Hurt,Saturday Night Live
John Hurt,The Commissioner
John Hurt,My Funny Valentine
John Hurt,Brute
John Hurt,A Hero's Climb
John Hurt,Contact
John Hurt,Love and Death on Long Island
John Hurt,Privateer 2: The Darkening
John Hurt,Tender Loving Care
John Hurt,Divine Rapture
John Hurt,Picture Windows
John Hurt,Two Nudes Bathing
John Hurt,Screen Two
John Hurt,Wild Bill
John Hurt,Everyman
John Hurt,Dead Man
John Hurt,Rob Roy
John Hurt,Rabbit Ears: Aladdin and the Magic Lamp
John Hurt,Felidae
John Hurt,Second Best
John Hurt,Great Moments in Aviation
John Hurt,Thumbelina
John Hurt,Even Cowgirls Get the Blues
John Hurt,Monolith
John Hurt,Kölcsönkapott idö
John Hurt,Performance
John Hurt,Dark at Noon
John Hurt,Red Fox
John Hurt,I Dreamt I Woke Up
John Hurt,Screenplay
John Hurt,Lapse of Memory
John Hurt,King Ralph
John Hurt,Frankenstein Unbound
John Hurt,The Field
John Hurt,Romeo.Juliet
John Hurt,Who Bombed Birmingham?
John Hurt,Windprints
John Hurt,Little Sweetheart
John Hurt,Scandal
John Hurt,David Macaulay: Pyramid
John Hurt,The Bengali Night
John Hurt,Deadline
John Hurt,A Dinner of Herbs
John Hurt,The Storyteller
John Hurt,The Hunting of the Snark
John Hurt,White Mischief
John Hurt,MacHeath
John Hurt,Vincent
John Hurt,Spaceballs
John Hurt,Aria
John Hurt,AIDS: Iceberg
John Hurt,From the Hip
John Hurt,Rocinante
John Hurt,Jake Speed
John Hurt,The Black Cauldron
Verne Troyer,The 420 Movie: Mary & Jane
John Hurt,After Darkness
John Hurt,1984
Verne Troyer,"Aliens, Clowns & Geeks"
Verne Troyer,The Delivery
Verne Troyer,My 90-Year-Old Roommate
Verne Troyer,Trailer Park Boys: Out of the Park
Verne Troyer,Let It Die
Verne Troyer,The Bandit Hound
Verne Troyer,"Trailer Park Boys: Drunk, High & Unemployed"
John Hurt,Success Is the Best Revenge
John Hurt,The Hit
John Hurt,Champions
John Hurt,The Osterman Weekend
John Hurt,King Lear
John Hurt,The Plague Dogs
John Hurt,Paul McCartney: Take It Away
John Hurt,Partners
John Hurt,Night Crossing
John Hurt,History of the World: Part I
John Hurt,Heaven's Gate
John Hurt,The Elephant Man
John Hurt,Crime and Punishment
John Hurt,Alien
John Hurt,The Lord of the Rings
Verne Troyer,The Keith Lemon Sketch Show
Verne Troyer,Gnome Alone
Verne Troyer,Where's This Party?
John Hurt,Watership Down
John Hurt,The Shout
John Hurt,Midnight Express
John Hurt,The Island
John Hurt,East of Elephant Rock
John Hurt,Paperback
John Hurt,Three Dangerous Ladies
John Hurt,The Sunday Drama
John Hurt,The Disappearance
John Hurt,Spectre
John Hurt,Shadows of Doubt
John Hurt,"I, Claudius"
John Hurt,The Sweeney
John Hurt,Stream Line
John Hurt,Play for Today
Verne Troyer,The Adventures of Uncle Colt and Cletus
Verne Troyer,Convenience
Verne Troyer,Lemon La Vida Loca
Verne Troyer,Legit
Verne Troyer,Story Cops with Verne Troyer
Verne Troyer,Keith Lemon: The Film
Verne Troyer,Cubed
John Hurt,Shades of Greene
John Hurt,The Naked Civil Servant
John Hurt,Ten from the Twenties
John Hurt,The Ghoul
John Hurt,Omnibus
Verne Troyer,Two and a Half Men
John Hurt,The Playboy of the Western World
Verne Troyer,Madonna: Celebration - The Video Collection
John Hurt,Little Malcolm and His Struggle Against the Eunuchs
John Hurt,Wessex Tales
John Hurt,The Pied Piper
Verne Troyer,The Imaginarium of Doctor Parnassus
John Hurt,Cry of the Penguins
John Hurt,RHM Mother's Pride Supermarket Raid 87670
John Hurt,ITV Sunday Night Theatre
John Hurt,10 Rillington Place
Verne Troyer,College
John Hurt,In Search of Gregory
Verne Troyer,Verne Troyer Sex Tape
Verne Troyer,The Love Guru
John Hurt,Sinful Davey
Verne Troyer,Postal
Verne Troyer,MADtv
Ben Borowiecki,Holby City
John Hurt,Before Winter Comes
John Hurt,ITV Playhouse
John Hurt,The Sailor from Gibraltar
John Hurt,A Man for All Seasons
John Hurt,ITV Play of the Week
Verne Troyer,Half & Half
Verne Troyer,Ludacris: Number One Spot/The Potion
Ben Borowiecki,Casualty
Ben Borowiecki,Wondrous Oblivion
Ben Borowiecki,Harry Potter and the Chamber of Secrets
Ben Borowiecki,Harry Potter and the Sorcerer's Stone
John Hurt,Thursday Theatre
John Hurt,Gideon C.I.D.
John Hurt,Love Story
John Hurt,Armchair Theatre
John Hurt,This Is My Street
John Hurt,First Night
John Hurt,The Contact
John Hurt,Drama 61-67
John Hurt,Once Aboard the Lugger...
John Hurt,Young and Willing
John Hurt,Probation Officer
John Hurt,Z Cars
Verne Troyer,Karroll's Christmas
Verne Troyer,Scrubs
Verne Troyer,Boston Public
Verne Troyer,Pauly Shore Is Dead
Verne Troyer,Sabrina the Teenage Witch
Verne Troyer,Austin Powers in Goldmember
Verne Troyer,Moby: We Are All Made of Stars
Verne Troyer,Hard Cash
Verne Troyer,Harry Potter and the Sorcerer's Stone
Verne Troyer,Bubble Boy
Verne Troyer,Mission: Imp
Verne Troyer,Freedom
Verne Troyer,Jack of All Trades
Verne Troyer,How the Grinch Stole Christmas
Verne Troyer,Bit Players
Verne Troyer,Here Lies Lonely
Verne Troyer,Madonna: The Video Collection 93:99
Verne Troyer,V.I.P. - Die Bodyguards
Verne Troyer,Shasta McNasty
Verne Troyer,Austin Powers: The Spy Who Shagged Me
Verne Troyer,Instinct
Verne Troyer,Madonna: Beautiful Stranger
Verne Troyer,The Wacky Adventures of Ronald McDonald: The Visitors from Outer Space
Verne Troyer,The Wacky Adventures of Ronald McDonald: The Legend of Grimace Island
Verne Troyer,Mighty Joe Young
Verne Troyer,Young Hercules
Verne Troyer,The Wacky Adventures of Ronald McDonald: Scared Silly
Verne Troyer,Fear and Loathing in Las Vegas
Verne Troyer,My Giant
Verne Troyer,Wishmaster
Verne Troyer,Men in Black
Verne Troyer,Jingle All the Way
Verne Troyer,Pinocchio's Revenge
Derek Deadman,A Goldfish of the Flame
Derek Deadman,Doctors
Derek Deadman,Harry Potter and the Sorcerer's Stone
Derek Deadman,Crush
Derek Deadman,Smoke
Derek Deadman,Honest
Derek Deadman,The Queen's Nose
Derek Deadman,The All New Alexei Sayle Show
Derek Deadman,Freddie Starr
Derek Deadman,Covington Cross
Derek Deadman,Never the Twain
Derek Deadman,Robin Hood: Prince of Thieves
Derek Deadman,A Tale of Two Cities
Derek Deadman,The Benny Hill Show
Derek Deadman,The Sooty Show
Derek Deadman,Ten Great Writers of the Modern World
Derek Deadman,The Sign of Four
Derek Deadman,Super Gran
Derek Deadman,Bread
Derek Deadman,In Loving Memory
Derek Deadman,Chance in a Million
Derek Deadman,The Two Ronnies
Derek Deadman,Lost in London
Derek Deadman,Big Deal
Derek Deadman,National Lampoon's European Vacation
Derek Deadman,Grange Hill
Derek Deadman,Morons from Outer Space
Derek Deadman,Brazil
Derek Deadman,Mates and Music
Derek Deadman,Miracles Take Longer
Derek Deadman,Amy
Derek Deadman,The Beggar's Opera
Derek Deadman,Wuffer
Derek Deadman,Bullshot Crummond
Derek Deadman,Never Say Never Again
Derek Deadman,Funny Money
Derek Deadman,Jack of Diamonds
Derek Deadman,The Boy Who Won the Pools
Derek Deadman,The Cleopatras
Derek Deadman,The Scarlet Pimpernel
Derek Deadman,Q.E.D.
Derek Deadman,Dead Ernest
Derek Deadman,A Fine Romance
Derek Deadman,Let There Be Love
Derek Deadman,Cowboys
Derek Deadman,Time Bandits
Derek Deadman,Timon of Athens
Derek Deadman,Metal Mickey
Derek Deadman,The Dick Emery Hour
Derek Deadman,The Apple
Derek Deadman,The Taming of the Shrew
Derek Deadman,A Nightingale Sang in Berkeley Square
Derek Deadman,The Knowledge
Derek Deadman,George & Mildred
Derek Deadman,Doing Time
Derek Deadman,The Ken Dodd Laughter Show
Derek Deadman,The Upchat Connection
Derek Deadman,Robin's Nest
Derek Deadman,The Sweeney
Derek Deadman,Get Some In!
Derek Deadman,The Big Sleep
Derek Deadman,Doctor Who
Derek Deadman,BBC2 Play of the Week
Derek Deadman,The Fall and Rise of Reginald Perrin
Derek Deadman,The Fuzz
Derek Deadman,The Glitterball
Derek Deadman,Three Piece Suite
Derek Deadman,Jabberwocky
Derek Deadman,Queen Kong
Derek Deadman,"Bill Dainty, Esq."
Derek Deadman,CBS Children's Film Festival
Derek Deadman,Whodunnit?
Derek Deadman,Doctor on the Go
Derek Deadman,A Little Bit of Wisdom
Derek Deadman,Barlow
Derek Deadman,What Next?
Derek Deadman,Dr. Watson and the Darkwater Hall Mystery
Derek Deadman,Boy Dominic
Ian Hart,The Last Ferry
Derek Deadman,Not on Your Nellie
Derek Deadman,The Prince of Denmark
Derek Deadman,Doctor in Charge
Ian Hart,Marlowe
Ian Hart,Left Over
Ian Hart,Through the Dunes
Ian Hart,The Responder
Ian Hart,Help
Ian Hart,The Mosquito Coast
Ian Hart,Tin Star
Ian Hart,The Last Kingdom
Ian Hart,Noughts + Crosses
Ian Hart,Escape from Pretoria
Ian Hart,The 11th Green
Ian Hart,The Sands of Venus
Ian Hart,Urban Myths
Ian Hart,Mary Queen of Scots
Ian Hart,Hang Ups
Derek Deadman,Frankenstein: The True Story
Derek Deadman,Bowler
Derek Deadman,Sir Yellow
Derek Deadman,The Gordon Peters Show
Derek Deadman,Harriet's Back in Town
Derek Deadman,Dr. Jekyll and Mr. Hyde
Derek Deadman,The Fenn Street Gang
Derek Deadman,New Scotland Yard
Derek Deadman,The Darwin Adventure
Derek Deadman,The Canterbury Tales
Ian Hart,Elementary
Ian Hart,The Terror
Ian Hart,Modern Life Is Rubbish
Ian Hart,uk18
Ian Hart,God's Own Country
Ian Hart,Dusty and Me
Ian Hart,Johnnos Tod
Ian Hart,The Secret Agent
Ian Hart,Vinyl
Ian Hart,Native
Ian Hart,Urban Hymn
Ian Hart,My Mad Fat Diary
Ian Hart,Dough
Ian Hart,Boardwalk Empire
Ian Hart,The Driver
Ian Hart,The Bridge
Ian Hart,Conversation with a Cigarette
Ian Hart,Tiny Ruins: Carriages
Ian Hart,Klondike
Ian Hart,Rogue Files: Reparation
Ian Hart,Agents of S.H.I.E.L.D.
Ian Hart,Rogue
Ian Hart,Bates Motel
Ian Hart,Playhouse Presents
Ian Hart,Luck
Ian Hart,Hard Boiled Sweets
Ian Hart,The Man Who Crossed Hitler
Ian Hart,When Harvey Met Bob
Ian Hart,Watching
Ian Hart,Five Daughters
Ian Hart,Within the Whirlwind
Ian Hart,Father & Son
Ian Hart,A Boy Called Dad
Ian Hart,Moving On
Ian Hart,Dr Hoo
Ian Hart,Morris: A Life with Bells On
Ian Hart,Dirt
Ian Hart,Still Waters Burn
Ian Hart,Interior. Bedsit - Day
Ian Hart,Intervention
Ian Hart,Int. Bedsit - Day
Ian Hart,A Girl and a Gun
Ian Hart,Both
Ian Hart,Trigger Happy
Ian Hart,The Virgin Queen
Ian Hart,Ripley Under Ground
Ian Hart,Breakfast on Pluto
Ian Hart,Rag Tale
Ian Hart,Tristram Shandy
Ian Hart,Sherlock Holmes and the Case of the Silk Stocking
Ian Hart,Finding Neverland
Ian Hart,Strings
Ian Hart,Every Seven Years
Ian Hart,Blind Flight
Ian Hart,Eroica
Ian Hart,Cheeky
Ian Hart,Den of Lions
Ian Hart,Dad's Dead
Ian Hart,The Hound of the Baskervilles
Ian Hart,Unhinged
Ian Hart,Killing Me Softly
Ian Hart,Harry Potter and the Sorcerer's Stone
Ian Hart,Strictly Sinatra
Ian Hart,Bring Me Your Love
Ian Hart,Born Romantic
Ian Hart,Liam
Ian Hart,Aberdeen
Ian Hart,Best
Ian Hart,American Women
Ian Hart,Longitude
Ian Hart,Bait
Ian Hart,The End of the Affair
Ian Hart,Spring Forward
Ian Hart,Wonderland
Ian Hart,This Year's Love
Ian Hart,Enemy of the State
Ian Hart,B. Monkey
Ian Hart,Frogs for Snakes
Ian Hart,Monument Ave.
Ian Hart,Mojo
Ian Hart,The Butcher Boy
Ian Hart,Robinson Crusoe
Ian Hart,Gold in the Streets
Ian Hart,Michael Collins
Ian Hart,Hollow Reed
Ian Hart,Nothing Personal
Ian Hart,Loved Up
Ian Hart,Clockwork Mice
Ian Hart,The Englishman Who Went Up a Hill But Came Down a Mountain
Ian Hart,Land and Freedom
Ian Hart,"Backbeat Band: Money, Version 2"
Ian Hart,Backbeat
Ian Hart,Medics
Ian Hart,The Hours and Times
Ian Hart,Chain
Ian Hart,The Play on One
Ian Hart,The Zip
Ian Hart,The Marksman
Ian Hart,The Monocled Mutineer
Ian Hart,The Practice
Ian Hart,No Surrender
Ian Hart,The Brothers McGregor
Ian Hart,The Exercise
Ian Hart,Travelling Man
Ian Hart,One Summer
Richard Griffiths,About Time
Richard Griffiths,Private Peaceful
Richard Griffiths,The Hollow Crown
Richard Griffiths,George and Bernard Shaw
Richard Griffiths,Hugo
Richard Griffiths,Pirates of the Caribbean: On Stranger Tides
Richard Griffiths,Episodes
Richard Griffiths,Harry Potter and the Deathly Hallows: Part 1
Richard Griffiths,Jackboots on Whitehall
Richard Griffiths,National Theatre Live: The Habit of Art
Richard Griffiths,Bedtime Stories
Richard Griffiths,A Muppets Christmas: Letters to Santa
Richard Griffiths,Ballet Shoes
Richard Griffiths,Harry Potter and the Order of the Phoenix
Richard Griffiths,The History Boys
Richard Griffiths,Venus
Richard Griffiths,Bleak House
Richard Griffiths,Lost in Love
Richard Griffiths,Princes in the Tower
Richard Griffiths,The Hitchhiker's Guide to the Galaxy
Richard Griffiths,Harry Potter and the Prisoner of Azkaban
Richard Griffiths,Stage Beauty
Richard Griffiths,The Brides in the Bath
Richard Griffiths,tlc
Richard Griffiths,Jeffrey Archer: The Truth
Richard Griffiths,Harry Potter and the Chamber of Secrets
Richard Griffiths,Harry Potter and the Sorcerer's Stone
Richard Griffiths,Hope and Glory
Richard Griffiths,Vatel
Richard Griffiths,Gormenghast
Richard Griffiths,The Vicar of Dibley
Richard Griffiths,Sleepy Hollow
Richard Griffiths,Archibald the Koala
Richard Griffiths,Ted & Ralph
Richard Griffiths,The Animal Train
Richard Griffiths,The Canterbury Tales
Richard Griffiths,In the Red
Richard Griffiths,Pie in the Sky
Richard Griffiths,The World of Peter Rabbit and Friends
Richard Griffiths,Funny Bones
Richard Griffiths,Screen One
Richard Griffiths,Guarding Tess
Richard Griffiths,Lovejoy
Richard Griffiths,Inspector Morse
Richard Griffiths,Mr. Wakefield's Crusade
Richard Griffiths,The Good Guys
Richard Griffiths,El C.I.D.
Richard Griffiths,Blame It on the Bellboy
Richard Griffiths,The Naked Gun 2½: The Smell of Fear
Richard Griffiths,Perfect Scoundrels
Richard Griffiths,King Ralph
Richard Griffiths,A Kind of Living
Richard Griffiths,Ffizz
Richard Griffiths,Goldeneye
Richard Griffiths,The Marksman
Richard Griffiths,Withnail & I
Richard Griffiths,Casanova
Richard Griffiths,If Looks Could Kill: The Power of Behaviour
Richard Griffiths,Shanghai Surprise
Richard Griffiths,Boon
Richard Griffiths,A Private Function
Richard Griffiths,Bird of Prey 2
Richard Griffiths,"Greystoke: The Legend of Tarzan, Lord of the Apes"
Richard Griffiths,Gorky Park
Richard Griffiths,Bergerac
Richard Griffiths,The Cleopatras
Richard Griffiths,The Merry Wives of Windsor
Richard Griffiths,Gandhi
Richard Griffiths,Nobody's Perfect
Richard Griffiths,Five-Minute Films
Richard Griffiths,The World Cup: A Captain's Tale
Richard Griffiths,Britannia Hospital
Richard Griffiths,Bird of Prey
Richard Griffiths,Whoops Apocalypse
Richard Griffiths,Minder
Richard Griffiths,Ragtime
Richard Griffiths,Prisoners of Conscience
Richard Griffiths,The French Lieutenant's Woman
Richard Griffiths,Chariots of Fire
Richard Griffiths,Superman II
Richard Griffiths,Breaking Glass
Richard Griffiths,Afternoon Off
Richard Griffiths,The Sweeney
Richard Griffiths,The Comedy of Errors
Richard Griffiths,ITV Playhouse
Richard Griffiths,Second City Firsts
Richard Griffiths,The Expert
Richard Griffiths,It Shouldn't Happen to a Vet
Richard Griffiths,Red Letter Day
Richard Griffiths,When the Boat Comes In
Richard Griffiths,Village Hall
Richard Griffiths,Crown Court
Harry Melling,The Pale Blue Eye
Harry Melling,Please Baby Please
Harry Melling,The Tragedy of Macbeth
Harry Melling,The Queen's Gambit
Harry Melling,Say Your Prayers
Harry Melling,The Devil All the Time
Harry Melling,The Old Guard
Harry Melling,His Dark Materials
Harry Melling,The War of the Worlds
Harry Melling,Waiting for the Barbarians
Harry Melling,The Keeper
Harry Melling,The Ballad of Buster Scruggs
Harry Melling,The Current War: Director's Cut
Harry Melling,The Lost City of Z
Harry Melling,The Musketeers
Harry Melling,Winds of Change
Harry Melling,Joe Mistry
Harry Melling,"I Think, Therefore"
Harry Melling,Felicity
Harry Melling,Garrow's Law
Harry Melling,Just William
Harry Melling,Merlin
Harry Melling,Harry Potter and the Deathly Hallows: Part 1
Harry Melling,Harry Potter and the Order of the Phoenix
Harry Melling,Harry Potter and the Order of the Phoenix
Harry Melling,Friends & Crocodiles
Harry Melling,Harry Potter and the Prisoner of Azkaban
Harry Melling,Harry Potter and the Chamber of Secrets
Harry Melling,Harry Potter and the Sorcerer's Stone
Saunders Triplets,Harry Potter and the Chamber of Secrets
Saunders Triplets,Harry Potter and the Sorcerer's Stone
Daniel Radcliffe,The Lost City
Daniel Radcliffe,Miracle Workers
Daniel Radcliffe,Unbreakable Kimmy Schmidt: Kimmy vs the Reverend
Daniel Radcliffe,Escape from Pretoria
Daniel Radcliffe,Guns Akimbo
Daniel Radcliffe,Playmobil: The Movie
Daniel Radcliffe,The Simpsons
Daniel Radcliffe,Beast of Burden
Daniel Radcliffe,Robot Chicken
Daniel Radcliffe,Jungle
Daniel Radcliffe,National Theatre Live: Rosencrantz & Guildenstern Are Dead
Daniel Radcliffe,Lost in London
Daniel Radcliffe,Imperium
Daniel Radcliffe,Now You See Me 2
Daniel Radcliffe,Swiss Army Man
Daniel Radcliffe,Victor Frankenstein
Daniel Radcliffe,The Gamechangers
Daniel Radcliffe,BoJack Horseman
Daniel Radcliffe,Trainwreck
Daniel Radcliffe,A Young Doctor's Notebook & Other Stories
Daniel Radcliffe,What If
Daniel Radcliffe,Horns
Daniel Radcliffe,Kill Your Darlings
Daniel Radcliffe,The Woman in Black
Daniel Radcliffe,Harry Potter and the Deathly Hallows: Part 2
Daniel Radcliffe,Late Show with David Letterman
Daniel Radcliffe,I Am Harry Potter
Daniel Radcliffe,Harry Potter and the Deathly Hallows: Part 1
Daniel Radcliffe,Harry Potter and the Forbidden Journey
Daniel Radcliffe,Harry Potter and the Half-Blood Prince
Daniel Radcliffe,My Boy Jack
Daniel Radcliffe,December Boys
Daniel Radcliffe,Harry Potter and the Order of the Phoenix
Daniel Radcliffe,Extras
Daniel Radcliffe,The Children's Party at the Palace
Daniel Radcliffe,Harry Potter and the Goblet of Fire
Daniel Radcliffe,Harry Potter and the Prisoner of Azkaban
Daniel Radcliffe,Harry Potter and the Chamber of Secrets
Daniel Radcliffe,Harry Potter and the Sorcerer's Stone
Daniel Radcliffe,The Tailor of Panama
Daniel Radcliffe,David Copperfield
Robbie Coltrane,Urban Myths
Robbie Coltrane,Hagrid's Magical Creatures Motorbike Adventure - pre-show
Robbie Coltrane,National Treasure
Robbie Coltrane,Lego Dimensions
Robbie Coltrane,Effie Gray
Robbie Coltrane,The Hogwarts Express
Robbie Coltrane,"Yes, Prime Minister"
Robbie Coltrane,The Comic Strip Presents
Robbie Coltrane,Great Expectations
Robbie Coltrane,Brave
Robbie Coltrane,The Gruffalo's Child
Robbie Coltrane,Arthur Christmas
Robbie Coltrane,Harry Potter and the Deathly Hallows: Part 2
Robbie Coltrane,Lead Balloon
Robbie Coltrane,Kate Bush: Deeper Understanding
Robbie Coltrane,Harry Potter and the Deathly Hallows: Part 1
Robbie Coltrane,Harry Potter and the Forbidden Journey
Robbie Coltrane,The Gruffalo
Robbie Coltrane,Murderland
Robbie Coltrane,Harry Potter and the Half-Blood Prince
Robbie Coltrane,Gooby
Robbie Coltrane,The Tale of Despereaux
Robbie Coltrane,The Brothers Bloom
Robbie Coltrane,Harry Potter and the Order of the Phoenix
Robbie Coltrane,Cracker
Robbie Coltrane,Stormbreaker
Robbie Coltrane,Cracker
Robbie Coltrane,Provoked
Robbie Coltrane,Harry Potter and the Goblet of Fire
Robbie Coltrane,Still Game
Robbie Coltrane,Ocean's Twelve
Robbie Coltrane,Pride
Robbie Coltrane,Harry Potter and the Prisoner of Azkaban
Robbie Coltrane,Frasier
Robbie Coltrane,Van Helsing
Robbie Coltrane,Van Helsing: The London Assignment
Robbie Coltrane,The Planman
Robbie Coltrane,Comic Relief 2003: The Big Hair Do
Robbie Coltrane,Harry Potter and the Chamber of Secrets
Robbie Coltrane,Harry Potter and the Sorcerer's Stone
Robbie Coltrane,On the Nose
Robbie Coltrane,From Hell
Robbie Coltrane,The World Is Not Enough
Robbie Coltrane,Cracker: Mind Over Murder
Robbie Coltrane,Alice in Wonderland
Robbie Coltrane,Message in a Bottle
Robbie Coltrane,The Ebb-Tide
Robbie Coltrane,Frogs for Snakes
Robbie Coltrane,Montana
Robbie Coltrane,Buddy
Robbie Coltrane,GoldenEye
Robbie Coltrane,Screenplay
Robbie Coltrane,ABC Weekend Specials
Robbie Coltrane,The Adventures of Huck Finn
Robbie Coltrane,The Bogie Man
Robbie Coltrane,"Oh, What a Night"
Robbie Coltrane,Screen One
Robbie Coltrane,The Pope Must Diet
Robbie Coltrane,Triple Bogey on a Par Five Hole
Robbie Coltrane,Midnight Breaks
Robbie Coltrane,Perfectly Normal
Robbie Coltrane,Nuns on the Run
Robbie Coltrane,Where the Heart Is
Robbie Coltrane,Henry V
Robbie Coltrane,Let It Ride
Robbie Coltrane,Lenny Henry: Lenny Live and Unleashed
Robbie Coltrane,Danny the Champion of the World
Robbie Coltrane,"Bert Rigby, You're a Fool"
Robbie Coltrane,Slipstream
Robbie Coltrane,Blackadder's Christmas Carol
Robbie Coltrane,Thompson
Robbie Coltrane,The Fruit Machine
Robbie Coltrane,French and Saunders
Robbie Coltrane,Arena
Robbie Coltrane,Saturday Live
Robbie Coltrane,The Lenny Henry Show
Robbie Coltrane,Blackadder the Third
Robbie Coltrane,Eat the Rich
Robbie Coltrane,Tutti Frutti
Robbie Coltrane,Mona Lisa
Robbie Coltrane,Absolute Beginners
Robbie Coltrane,Caravaggio
Robbie Coltrane,Revolution
Robbie Coltrane,The Supergrass
Robbie Coltrane,Girls on Top
Robbie Coltrane,Defense of the Realm
Robbie Coltrane,National Lampoon's European Vacation
Robbie Coltrane,Laugh??? I Nearly Paid My Licence Fee
Robbie Coltrane,Chinese Boxes
Robbie Coltrane,Minder
Robbie Coltrane,The Young Ones
Robbie Coltrane,Alfresco
Robbie Coltrane,A Kick Up the Eighties
Robbie Coltrane,Loose Connections
Robbie Coltrane,Ghost Dance
Robbie Coltrane,Krull
Robbie Coltrane,Boswell for the Defence
Robbie Coltrane,The Crystal Cube
Robbie Coltrane,Are You Being Served?
Robbie Coltrane,Luna
Robbie Coltrane,Scotch Myths
Robbie Coltrane,Scrubbers
Robbie Coltrane,Britannia Hospital
Robbie Coltrane,Kevin Turvey: The Man Behind the Green Door
Robbie Coltrane,81 Take 2
Robbie Coltrane,Gateway to the South
Robbie Coltrane,Keep It in the Family
Robbie Coltrane,Metal Mickey
Robbie Coltrane,Subway Riders
Robbie Coltrane,The House with the Green Shutters
Robbie Coltrane,The Lost Tribe
Robbie Coltrane,Flash Gordon
Robbie Coltrane,Death Watch
Robbie Coltrane,Play for Today
Warwick Davis,Valeria 3D
Warwick Davis,Willow
Warwick Davis,Double Trouble
Warwick Davis,Moley
Warwick Davis,JJ Villard's Fairy Tales
Warwick Davis,Moominvalley
Warwick Davis,Star Wars: Episode IX - The Rise of Skywalker
Warwick Davis,Master Moley
Warwick Davis,Maleficent: Mistress of Evil
Warwick Davis,Horrible Histories: The Movie - Rotten Romans
Warwick Davis,Vault of the Macabre Presents the Witching Hour
Warwick Davis,Solo: A Star Wars Story
Warwick Davis,Harry Potter: Hogwarts Mystery
Warwick Davis,Star Wars: Rebels
Warwick Davis,Who Shot Simon Cowell?
Warwick Davis,Star Wars: Episode VIII - The Last Jedi
Warwick Davis,Jonathan Creek
Warwick Davis,The Entire Universe
Warwick Davis,Rogue One: A Star Wars Story
Warwick Davis,The Dumping Ground
Warwick Davis,Billionaire Boy
Warwick Davis,Catherine Tate's Nan
Warwick Davis,Star Wars: Episode VII - The Force Awakens
Warwick Davis,Get Santa
Warwick Davis,Harry Potter and the Escape from Gringotts
Warwick Davis,From Leicester to Hollywood
Warwick Davis,Bookaboo
Warwick Davis,Saint Bernard
Warwick Davis,Dwarves Assemble
Warwick Davis,The Day They Came to Suck Out Our Brains!
Warwick Davis,Doctor Who
Warwick Davis,Life's Too Short
Warwick Davis,Jack the Giant Slayer
Warwick Davis,The Unbroken
Warwick Davis,Chingari
Warwick Davis,Harry Potter and the Deathly Hallows: Part II
Warwick Davis,Harry Potter and the Deathly Hallows: Part 2
Warwick Davis,Dick and Dom's Funny Business
Warwick Davis,Harry Potter and the Deathly Hallows: Part I
Warwick Davis,Harry Potter and the Deathly Hallows: Part 1
Warwick Davis,Merlin
Warwick Davis,Tell Him Next Year
Warwick Davis,Harry Potter and the Half-Blood Prince
Warwick Davis,Harry Potter and the Half-Blood Prince
Warwick Davis,M.I.High
Warwick Davis,Agent One-Half
Warwick Davis,The Chronicles of Narnia: Prince Caspian
Warwick Davis,Harry Potter and the Order of the Phoenix
Warwick Davis,Harry Potter and the Order of the Phoenix
Warwick Davis,Small Town Folk
Warwick Davis,Extras
Warwick Davis,Comedy Lab
Warwick Davis,Harry Potter and the Goblet of Fire
Warwick Davis,The Hitchhiker's Guide to the Galaxy
Warwick Davis,Carrie & Barry
Warwick Davis,Ray
Warwick Davis,Harry Potter and the Prisoner of Azkaban
Warwick Davis,Skinned Deep
Warwick Davis,Leprechaun 6: Back 2 Tha Hood
Warwick Davis,Harry Potter and the Chamber of Secrets
Warwick Davis,Capone's Boys
Warwick Davis,Dr. Terrible's House of Horrible
Warwick Davis,Harry Potter and the Sorcerer's Stone
Warwick Davis,Snow White: The Fairest of Them All
Warwick Davis,Murder Rooms: Mysteries of the Real Sherlock Holmes
Warwick Davis,The Fitz
Warwick Davis,Leprechaun 5: In the Hood
Warwick Davis,The 10th Kingdom
Warwick Davis,The White Pony
Warwick Davis,The New Adventures of Pinocchio
Warwick Davis,Star Wars: Episode I - The Phantom Menace
Warwick Davis,Jamboree
Warwick Davis,A Very Unlucky Leprechaun
Warwick Davis,The Fast Show
Warwick Davis,Prince Valiant
Warwick Davis,Leprechaun 4: In Space
Warwick Davis,Gulliver's Travels
Warwick Davis,Leprechaun 3
Warwick Davis,Leprechaun 2
Warwick Davis,Leprechaun
Warwick Davis,Zorro
Warwick Davis,The Silver Chair
Warwick Davis,Prince Caspian and the Voyage of the Dawn Treader
Warwick Davis,The Princess and the Dwarf
Warwick Davis,Willow
Warwick Davis,Star Tours
Warwick Davis,Labyrinth
Warwick Davis,Ewoks: The Battle for Endor
Warwick Davis,The Ewok Adventure
Warwick Davis,Star Wars: Episode VI - Return of the Jedi
